ID,Name,Description,Nexus_File
1,animal_1,,data.nex
2,animal_10,,data.nex
3,animal_11,,data.nex
4,animal_12,,data.nex
5,animal_13,,data.nex
6,animal_14,,data.nex
7,animal_15,,data.nex
8,animal_16,,data.nex
9,animal_17,,data.nex
10,animal_18,,data.nex
11,animal_19,,data.nex
12,animal_2,,data.nex
13,animal_20,,data.nex
14,animal_21,,data.nex
15,animal_22,,data.nex
16,animal_23,,data.nex
17,animal_24,,data.nex
18,animal_25,,data.nex
19,animal_26,,data.nex
20,animal_27,,data.nex
21,animal_28,,data.nex
22,animal_29,,data.nex
23,animal_3,,data.nex
24,animal_30,,data.nex
25,animal_31,,data.nex
26,animal_32,,data.nex
27,animal_4,,data.nex
28,animal_5,,data.nex
29,animal_6,,data.nex
30,animal_7,,data.nex
31,animal_8,,data.nex
32,animal_9,,data.nex
33,arm_1,,data.nex
34,arm_10,,data.nex
35,arm_11,,data.nex
36,arm_12,,data.nex
37,arm_13,,data.nex
38,arm_14,,data.nex
39,arm_15,,data.nex
40,arm_16,,data.nex
41,arm_17,,data.nex
42,arm_18,,data.nex
43,arm_19,,data.nex
44,arm_2,,data.nex
45,arm_20,,data.nex
46,arm_21,,data.nex
47,arm_22,,data.nex
48,arm_23,,data.nex
49,arm_24,,data.nex
50,arm_25,,data.nex
51,arm_26,,data.nex
52,arm_27,,data.nex
53,arm_3,,data.nex
54,arm_4,,data.nex
55,arm_5,,data.nex
56,arm_6,,data.nex
57,arm_7,,data.nex
58,arm_8,,data.nex
59,arm_9,,data.nex
60,ashes_1,,data.nex
61,ashes_10,,data.nex
62,ashes_11,,data.nex
63,ashes_12,,data.nex
64,ashes_13,,data.nex
65,ashes_14,,data.nex
66,ashes_15,,data.nex
67,ashes_16,,data.nex
68,ashes_17,,data.nex
69,ashes_18,,data.nex
70,ashes_19,,data.nex
71,ashes_2,,data.nex
72,ashes_20,,data.nex
73,ashes_21,,data.nex
74,ashes_22,,data.nex
75,ashes_23,,data.nex
76,ashes_24,,data.nex
77,ashes_25,,data.nex
78,ashes_26,,data.nex
79,ashes_27,,data.nex
80,ashes_28,,data.nex
81,ashes_29,,data.nex
82,ashes_3,,data.nex
83,ashes_30,,data.nex
84,ashes_31,,data.nex
85,ashes_32,,data.nex
86,ashes_33,,data.nex
87,ashes_34,,data.nex
88,ashes_35,,data.nex
89,ashes_36,,data.nex
90,ashes_37,,data.nex
91,ashes_38,,data.nex
92,ashes_39,,data.nex
93,ashes_4,,data.nex
94,ashes_40,,data.nex
95,ashes_41,,data.nex
96,ashes_42,,data.nex
97,ashes_43,,data.nex
98,ashes_44,,data.nex
99,ashes_45,,data.nex
100,ashes_46,,data.nex
101,ashes_47,,data.nex
102,ashes_48,,data.nex
103,ashes_49,,data.nex
104,ashes_5,,data.nex
105,ashes_50,,data.nex
106,ashes_51,,data.nex
107,ashes_52,,data.nex
108,ashes_53,,data.nex
109,ashes_54,,data.nex
110,ashes_55,,data.nex
111,ashes_56,,data.nex
112,ashes_57,,data.nex
113,ashes_58,,data.nex
114,ashes_59,,data.nex
115,ashes_6,,data.nex
116,ashes_60,,data.nex
117,ashes_61,,data.nex
118,ashes_7,,data.nex
119,ashes_8,,data.nex
120,ashes_9,,data.nex
121,bark_1,,data.nex
122,bark_10,,data.nex
123,bark_11,,data.nex
124,bark_12,,data.nex
125,bark_13,,data.nex
126,bark_14,,data.nex
127,bark_15,,data.nex
128,bark_16,,data.nex
129,bark_17,,data.nex
130,bark_18,,data.nex
131,bark_19,,data.nex
132,bark_2,,data.nex
133,bark_20,,data.nex
134,bark_21,,data.nex
135,bark_22,,data.nex
136,bark_23,,data.nex
137,bark_24,,data.nex
138,bark_25,,data.nex
139,bark_26,,data.nex
140,bark_27,,data.nex
141,bark_28,,data.nex
142,bark_29,,data.nex
143,bark_3,,data.nex
144,bark_30,,data.nex
145,bark_31,,data.nex
146,bark_32,,data.nex
147,bark_33,,data.nex
148,bark_34,,data.nex
149,bark_35,,data.nex
150,bark_36,,data.nex
151,bark_37,,data.nex
152,bark_38,,data.nex
153,bark_39,,data.nex
154,bark_4,,data.nex
155,bark_40,,data.nex
156,bark_41,,data.nex
157,bark_42,,data.nex
158,bark_43,,data.nex
159,bark_44,,data.nex
160,bark_45,,data.nex
161,bark_46,,data.nex
162,bark_47,,data.nex
163,bark_48,,data.nex
164,bark_49,,data.nex
165,bark_5,,data.nex
166,bark_50,,data.nex
167,bark_51,,data.nex
168,bark_52,,data.nex
169,bark_53,,data.nex
170,bark_54,,data.nex
171,bark_55,,data.nex
172,bark_56,,data.nex
173,bark_57,,data.nex
174,bark_58,,data.nex
175,bark_59,,data.nex
176,bark_6,,data.nex
177,bark_60,,data.nex
178,bark_61,,data.nex
179,bark_62,,data.nex
180,bark_63,,data.nex
181,bark_64,,data.nex
182,bark_65,,data.nex
183,bark_66,,data.nex
184,bark_67,,data.nex
185,bark_68,,data.nex
186,bark_69,,data.nex
187,bark_7,,data.nex
188,bark_70,,data.nex
189,bark_71,,data.nex
190,bark_72,,data.nex
191,bark_8,,data.nex
192,bark_9,,data.nex
193,bed_1,,data.nex
194,bed_10,,data.nex
195,bed_11,,data.nex
196,bed_12,,data.nex
197,bed_13,,data.nex
198,bed_14,,data.nex
199,bed_15,,data.nex
200,bed_16,,data.nex
201,bed_17,,data.nex
202,bed_18,,data.nex
203,bed_19,,data.nex
204,bed_2,,data.nex
205,bed_20,,data.nex
206,bed_21,,data.nex
207,bed_22,,data.nex
208,bed_23,,data.nex
209,bed_24,,data.nex
210,bed_25,,data.nex
211,bed_26,,data.nex
212,bed_27,,data.nex
213,bed_28,,data.nex
214,bed_3,,data.nex
215,bed_30,,data.nex
216,bed_31,,data.nex
217,bed_32,,data.nex
218,bed_33,,data.nex
219,bed_34,,data.nex
220,bed_35,,data.nex
221,bed_36,,data.nex
222,bed_37,,data.nex
223,bed_38,,data.nex
224,bed_39,,data.nex
225,bed_4,,data.nex
226,bed_40,,data.nex
227,bed_41,,data.nex
228,bed_42,,data.nex
229,bed_43,,data.nex
230,bed_44,,data.nex
231,bed_45,,data.nex
232,bed_46,,data.nex
233,bed_47,,data.nex
234,bed_48,,data.nex
235,bed_49,,data.nex
236,bed_5,,data.nex
237,bed_6,,data.nex
238,bed_7,,data.nex
239,bed_8,,data.nex
240,bed_9,,data.nex
241,belly_1,,data.nex
242,belly_10,,data.nex
243,belly_11,,data.nex
244,belly_12,,data.nex
245,belly_13,,data.nex
246,belly_14,,data.nex
247,belly_15,,data.nex
248,belly_16,,data.nex
249,belly_17,,data.nex
250,belly_18,,data.nex
251,belly_19,,data.nex
252,belly_2,,data.nex
253,belly_20,,data.nex
254,belly_21,,data.nex
255,belly_22,,data.nex
256,belly_23,,data.nex
257,belly_24,,data.nex
258,belly_25,,data.nex
259,belly_26,,data.nex
260,belly_27,,data.nex
261,belly_28,,data.nex
262,belly_3,,data.nex
263,belly_30,,data.nex
264,belly_31,,data.nex
265,belly_32,,data.nex
266,belly_33,,data.nex
267,belly_34,,data.nex
268,belly_35,,data.nex
269,belly_36,,data.nex
270,belly_37,,data.nex
271,belly_38,,data.nex
272,belly_39,,data.nex
273,belly_4,,data.nex
274,belly_40,,data.nex
275,belly_41,,data.nex
276,belly_42,,data.nex
277,belly_43,,data.nex
278,belly_44,,data.nex
279,belly_45,,data.nex
280,belly_46,,data.nex
281,belly_47,,data.nex
282,belly_48,,data.nex
283,belly_49,,data.nex
284,belly_5,,data.nex
285,belly_50,,data.nex
286,belly_51,,data.nex
287,belly_52,,data.nex
288,belly_53,,data.nex
289,belly_6,,data.nex
290,belly_7,,data.nex
291,belly_8,,data.nex
292,belly_9,,data.nex
293,big_1,,data.nex
294,big_10,,data.nex
295,big_11,,data.nex
296,big_12,,data.nex
297,big_13,,data.nex
298,big_14,,data.nex
299,big_15,,data.nex
300,big_16,,data.nex
301,big_17,,data.nex
302,big_18,,data.nex
303,big_19,,data.nex
304,big_2,,data.nex
305,big_20,,data.nex
306,big_21,,data.nex
307,big_22,,data.nex
308,big_23,,data.nex
309,big_24,,data.nex
310,big_25,,data.nex
311,big_26,,data.nex
312,big_27,,data.nex
313,big_28,,data.nex
314,big_29,,data.nex
315,big_3,,data.nex
316,big_30,,data.nex
317,big_31,,data.nex
318,big_32,,data.nex
319,big_33,,data.nex
320,big_34,,data.nex
321,big_35,,data.nex
322,big_36,,data.nex
323,big_38,,data.nex
324,big_39,,data.nex
325,big_4,,data.nex
326,big_40,,data.nex
327,big_41,,data.nex
328,big_42,,data.nex
329,big_43,,data.nex
330,big_44,,data.nex
331,big_45,,data.nex
332,big_46,,data.nex
333,big_47,,data.nex
334,big_48,,data.nex
335,big_49,,data.nex
336,big_5,,data.nex
337,big_50,,data.nex
338,big_51,,data.nex
339,big_52,,data.nex
340,big_53,,data.nex
341,big_54,,data.nex
342,big_55,,data.nex
343,big_56,,data.nex
344,big_57,,data.nex
345,big_58,,data.nex
346,big_59,,data.nex
347,big_6,,data.nex
348,big_60,,data.nex
349,big_61,,data.nex
350,big_62,,data.nex
351,big_63,,data.nex
352,big_64,,data.nex
353,big_65,,data.nex
354,big_66,,data.nex
355,big_67,,data.nex
356,big_68,,data.nex
357,big_69,,data.nex
358,big_7,,data.nex
359,big_70,,data.nex
360,big_8,,data.nex
361,big_9,,data.nex
362,bird_1,,data.nex
363,bird_10,,data.nex
364,bird_12,,data.nex
365,bird_13,,data.nex
366,bird_14,,data.nex
367,bird_15,,data.nex
368,bird_16,,data.nex
369,bird_17,,data.nex
370,bird_18,,data.nex
371,bird_19,,data.nex
372,bird_2,,data.nex
373,bird_20,,data.nex
374,bird_21,,data.nex
375,bird_22,,data.nex
376,bird_23,,data.nex
377,bird_24,,data.nex
378,bird_25,,data.nex
379,bird_3,,data.nex
380,bird_4,,data.nex
381,bird_5,,data.nex
382,bird_6,,data.nex
383,bird_7,,data.nex
384,bird_8,,data.nex
385,bird_9,,data.nex
386,bite_1,,data.nex
387,bite_10,,data.nex
388,bite_11,,data.nex
389,bite_12,,data.nex
390,bite_13,,data.nex
391,bite_14,,data.nex
392,bite_15,,data.nex
393,bite_16,,data.nex
394,bite_17,,data.nex
395,bite_18,,data.nex
396,bite_19,,data.nex
397,bite_2,,data.nex
398,bite_20,,data.nex
399,bite_21,,data.nex
400,bite_22,,data.nex
401,bite_23,,data.nex
402,bite_24,,data.nex
403,bite_25,,data.nex
404,bite_26,,data.nex
405,bite_27,,data.nex
406,bite_28,,data.nex
407,bite_29,,data.nex
408,bite_3,,data.nex
409,bite_30,,data.nex
410,bite_31,,data.nex
411,bite_32,,data.nex
412,bite_33,,data.nex
413,bite_34,,data.nex
414,bite_35,,data.nex
415,bite_36,,data.nex
416,bite_37,,data.nex
417,bite_38,,data.nex
418,bite_39,,data.nex
419,bite_4,,data.nex
420,bite_40,,data.nex
421,bite_41,,data.nex
422,bite_42,,data.nex
423,bite_43,,data.nex
424,bite_44,,data.nex
425,bite_45,,data.nex
426,bite_5,,data.nex
427,bite_6,,data.nex
428,bite_7,,data.nex
429,bite_8,,data.nex
430,bite_9,,data.nex
431,blood_1,,data.nex
432,blood_10,,data.nex
433,blood_11,,data.nex
434,blood_12,,data.nex
435,blood_13,,data.nex
436,blood_14,,data.nex
437,blood_15,,data.nex
438,blood_16,,data.nex
439,blood_17,,data.nex
440,blood_18,,data.nex
441,blood_19,,data.nex
442,blood_2,,data.nex
443,blood_20,,data.nex
444,blood_21,,data.nex
445,blood_22,,data.nex
446,blood_23,,data.nex
447,blood_24,,data.nex
448,blood_25,,data.nex
449,blood_26,,data.nex
450,blood_27,,data.nex
451,blood_28,,data.nex
452,blood_29,,data.nex
453,blood_3,,data.nex
454,blood_30,,data.nex
455,blood_31,,data.nex
456,blood_32,,data.nex
457,blood_33,,data.nex
458,blood_34,,data.nex
459,blood_35,,data.nex
460,blood_36,,data.nex
461,blood_37,,data.nex
462,blood_38,,data.nex
463,blood_39,,data.nex
464,blood_4,,data.nex
465,blood_40,,data.nex
466,blood_41,,data.nex
467,blood_42,,data.nex
468,blood_43,,data.nex
469,blood_44,,data.nex
470,blood_45,,data.nex
471,blood_46,,data.nex
472,blood_47,,data.nex
473,blood_48,,data.nex
474,blood_5,,data.nex
475,blood_6,,data.nex
476,blood_7,,data.nex
477,blood_8,,data.nex
478,blood_9,,data.nex
479,bone_1,,data.nex
480,bone_10,,data.nex
481,bone_11,,data.nex
482,bone_12,,data.nex
483,bone_13,,data.nex
484,bone_14,,data.nex
485,bone_15,,data.nex
486,bone_16,,data.nex
487,bone_17,,data.nex
488,bone_18,,data.nex
489,bone_19,,data.nex
490,bone_2,,data.nex
491,bone_20,,data.nex
492,bone_21,,data.nex
493,bone_22,,data.nex
494,bone_23,,data.nex
495,bone_24,,data.nex
496,bone_25,,data.nex
497,bone_26,,data.nex
498,bone_27,,data.nex
499,bone_28,,data.nex
500,bone_29,,data.nex
501,bone_3,,data.nex
502,bone_30,,data.nex
503,bone_31,,data.nex
504,bone_32,,data.nex
505,bone_4,,data.nex
506,bone_5,,data.nex
507,bone_6,,data.nex
508,bone_7,,data.nex
509,bone_8,,data.nex
510,bone_9,,data.nex
511,breast_1,,data.nex
512,breast_10,,data.nex
513,breast_11,,data.nex
514,breast_12,,data.nex
515,breast_13,,data.nex
516,breast_14,,data.nex
517,breast_15,,data.nex
518,breast_16,,data.nex
519,breast_17,,data.nex
520,breast_18,,data.nex
521,breast_19,,data.nex
522,breast_2,,data.nex
523,breast_20,,data.nex
524,breast_21,,data.nex
525,breast_22,,data.nex
526,breast_23,,data.nex
527,breast_24,,data.nex
528,breast_3,,data.nex
529,breast_4,,data.nex
530,breast_5,,data.nex
531,breast_6,,data.nex
532,breast_7,,data.nex
533,breast_8,,data.nex
534,breast_9,,data.nex
535,burn_1,,data.nex
536,burn_10,,data.nex
537,burn_11,,data.nex
538,burn_12,,data.nex
539,burn_13,,data.nex
540,burn_14,,data.nex
541,burn_15,,data.nex
542,burn_16,,data.nex
543,burn_17,,data.nex
544,burn_18,,data.nex
545,burn_19,,data.nex
546,burn_2,,data.nex
547,burn_20,,data.nex
548,burn_21,,data.nex
549,burn_22,,data.nex
550,burn_23,,data.nex
551,burn_24,,data.nex
552,burn_25,,data.nex
553,burn_26,,data.nex
554,burn_27,,data.nex
555,burn_28,,data.nex
556,burn_29,,data.nex
557,burn_3,,data.nex
558,burn_30,,data.nex
559,burn_31,,data.nex
560,burn_32,,data.nex
561,burn_33,,data.nex
562,burn_34,,data.nex
563,burn_35,,data.nex
564,burn_36,,data.nex
565,burn_37,,data.nex
566,burn_38,,data.nex
567,burn_39,,data.nex
568,burn_4,,data.nex
569,burn_40,,data.nex
570,burn_41,,data.nex
571,burn_42,,data.nex
572,burn_43,,data.nex
573,burn_44,,data.nex
574,burn_45,,data.nex
575,burn_46,,data.nex
576,burn_47,,data.nex
577,burn_48,,data.nex
578,burn_49,,data.nex
579,burn_5,,data.nex
580,burn_50,,data.nex
581,burn_51,,data.nex
582,burn_52,,data.nex
583,burn_53,,data.nex
584,burn_54,,data.nex
585,burn_55,,data.nex
586,burn_6,,data.nex
587,burn_7,,data.nex
588,burn_8,,data.nex
589,burn_9,,data.nex
590,child_1,,data.nex
591,child_10,,data.nex
592,child_11,,data.nex
593,child_12,,data.nex
594,child_2,,data.nex
595,child_3,,data.nex
596,child_4,,data.nex
597,child_5,,data.nex
598,child_6,,data.nex
599,child_7,,data.nex
600,child_8,,data.nex
601,child_9,,data.nex
602,cloud_1,,data.nex
603,cloud_10,,data.nex
604,cloud_11,,data.nex
605,cloud_12,,data.nex
606,cloud_13,,data.nex
607,cloud_14,,data.nex
608,cloud_15,,data.nex
609,cloud_16,,data.nex
610,cloud_17,,data.nex
611,cloud_18,,data.nex
612,cloud_19,,data.nex
613,cloud_2,,data.nex
614,cloud_20,,data.nex
615,cloud_21,,data.nex
616,cloud_22,,data.nex
617,cloud_23,,data.nex
618,cloud_24,,data.nex
619,cloud_25,,data.nex
620,cloud_26,,data.nex
621,cloud_27,,data.nex
622,cloud_28,,data.nex
623,cloud_29,,data.nex
624,cloud_3,,data.nex
625,cloud_30,,data.nex
626,cloud_31,,data.nex
627,cloud_32,,data.nex
628,cloud_33,,data.nex
629,cloud_34,,data.nex
630,cloud_35,,data.nex
631,cloud_36,,data.nex
632,cloud_37,,data.nex
633,cloud_38,,data.nex
634,cloud_39,,data.nex
635,cloud_4,,data.nex
636,cloud_40,,data.nex
637,cloud_41,,data.nex
638,cloud_42,,data.nex
639,cloud_43,,data.nex
640,cloud_44,,data.nex
641,cloud_45,,data.nex
642,cloud_46,,data.nex
643,cloud_47,,data.nex
644,cloud_48,,data.nex
645,cloud_49,,data.nex
646,cloud_5,,data.nex
647,cloud_50,,data.nex
648,cloud_51,,data.nex
649,cloud_52,,data.nex
650,cloud_53,,data.nex
651,cloud_54,,data.nex
652,cloud_55,,data.nex
653,cloud_56,,data.nex
654,cloud_57,,data.nex
655,cloud_58,,data.nex
656,cloud_59,,data.nex
657,cloud_6,,data.nex
658,cloud_60,,data.nex
659,cloud_61,,data.nex
660,cloud_62,,data.nex
661,cloud_63,,data.nex
662,cloud_64,,data.nex
663,cloud_65,,data.nex
664,cloud_66,,data.nex
665,cloud_67,,data.nex
666,cloud_68,,data.nex
667,cloud_69,,data.nex
668,cloud_7,,data.nex
669,cloud_70,,data.nex
670,cloud_71,,data.nex
671,cloud_72,,data.nex
672,cloud_73,,data.nex
673,cloud_74,,data.nex
674,cloud_75,,data.nex
675,cloud_76,,data.nex
676,cloud_8,,data.nex
677,cloud_9,,data.nex
678,come_1,,data.nex
679,come_10,,data.nex
680,come_11,,data.nex
681,come_12,,data.nex
682,come_13,,data.nex
683,come_14,,data.nex
684,come_15,,data.nex
685,come_16,,data.nex
686,come_17,,data.nex
687,come_18,,data.nex
688,come_19,,data.nex
689,come_2,,data.nex
690,come_20,,data.nex
691,come_21,,data.nex
692,come_22,,data.nex
693,come_23,,data.nex
694,come_24,,data.nex
695,come_25,,data.nex
696,come_26,,data.nex
697,come_27,,data.nex
698,come_28,,data.nex
699,come_29,,data.nex
700,come_3,,data.nex
701,come_30,,data.nex
702,come_31,,data.nex
703,come_32,,data.nex
704,come_33,,data.nex
705,come_34,,data.nex
706,come_35,,data.nex
707,come_36,,data.nex
708,come_37,,data.nex
709,come_39,,data.nex
710,come_4,,data.nex
711,come_40,,data.nex
712,come_41,,data.nex
713,come_42,,data.nex
714,come_43,,data.nex
715,come_44,,data.nex
716,come_45,,data.nex
717,come_46,,data.nex
718,come_47,,data.nex
719,come_48,,data.nex
720,come_49,,data.nex
721,come_5,,data.nex
722,come_50,,data.nex
723,come_51,,data.nex
724,come_52,,data.nex
725,come_53,,data.nex
726,come_54,,data.nex
727,come_55,,data.nex
728,come_6,,data.nex
729,come_7,,data.nex
730,come_8,,data.nex
731,come_9,,data.nex
732,count_1,,data.nex
733,count_10,,data.nex
734,count_11,,data.nex
735,count_12,,data.nex
736,count_13,,data.nex
737,count_14,,data.nex
738,count_15,,data.nex
739,count_16,,data.nex
740,count_17,,data.nex
741,count_18,,data.nex
742,count_19,,data.nex
743,count_2,,data.nex
744,count_20,,data.nex
745,count_21,,data.nex
746,count_22,,data.nex
747,count_23,,data.nex
748,count_24,,data.nex
749,count_25,,data.nex
750,count_26,,data.nex
751,count_27,,data.nex
752,count_28,,data.nex
753,count_29,,data.nex
754,count_3,,data.nex
755,count_30,,data.nex
756,count_31,,data.nex
757,count_32,,data.nex
758,count_4,,data.nex
759,count_5,,data.nex
760,count_6,,data.nex
761,count_7,,data.nex
762,count_8,,data.nex
763,count_9,,data.nex
764,dew_1,,data.nex
765,dew_10,,data.nex
766,dew_11,,data.nex
767,dew_12,,data.nex
768,dew_13,,data.nex
769,dew_14,,data.nex
770,dew_15,,data.nex
771,dew_16,,data.nex
772,dew_17,,data.nex
773,dew_18,,data.nex
774,dew_19,,data.nex
775,dew_2,,data.nex
776,dew_20,,data.nex
777,dew_21,,data.nex
778,dew_22,,data.nex
779,dew_23,,data.nex
780,dew_24,,data.nex
781,dew_25,,data.nex
782,dew_26,,data.nex
783,dew_27,,data.nex
784,dew_28,,data.nex
785,dew_29,,data.nex
786,dew_3,,data.nex
787,dew_30,,data.nex
788,dew_31,,data.nex
789,dew_32,,data.nex
790,dew_33,,data.nex
791,dew_34,,data.nex
792,dew_35,,data.nex
793,dew_36,,data.nex
794,dew_37,,data.nex
795,dew_38,,data.nex
796,dew_39,,data.nex
797,dew_4,,data.nex
798,dew_40,,data.nex
799,dew_41,,data.nex
800,dew_42,,data.nex
801,dew_43,,data.nex
802,dew_44,,data.nex
803,dew_45,,data.nex
804,dew_46,,data.nex
805,dew_47,,data.nex
806,dew_48,,data.nex
807,dew_49,,data.nex
808,dew_5,,data.nex
809,dew_50,,data.nex
810,dew_51,,data.nex
811,dew_52,,data.nex
812,dew_53,,data.nex
813,dew_54,,data.nex
814,dew_55,,data.nex
815,dew_56,,data.nex
816,dew_57,,data.nex
817,dew_58,,data.nex
818,dew_59,,data.nex
819,dew_6,,data.nex
820,dew_60,,data.nex
821,dew_61,,data.nex
822,dew_62,,data.nex
823,dew_63,,data.nex
824,dew_7,,data.nex
825,dew_8,,data.nex
826,dew_9,,data.nex
827,die_1,,data.nex
828,die_10,,data.nex
829,die_11,,data.nex
830,die_12,,data.nex
831,die_13,,data.nex
832,die_14,,data.nex
833,die_15,,data.nex
834,die_16,,data.nex
835,die_2,,data.nex
836,die_3,,data.nex
837,die_4,,data.nex
838,die_5,,data.nex
839,die_6,,data.nex
840,die_7,,data.nex
841,die_8,,data.nex
842,die_9,,data.nex
843,dog_1,,data.nex
844,dog_10,,data.nex
845,dog_11,,data.nex
846,dog_12,,data.nex
847,dog_13,,data.nex
848,dog_14,,data.nex
849,dog_15,,data.nex
850,dog_16,,data.nex
851,dog_17,,data.nex
852,dog_18,,data.nex
853,dog_19,,data.nex
854,dog_2,,data.nex
855,dog_20,,data.nex
856,dog_21,,data.nex
857,dog_22,,data.nex
858,dog_23,,data.nex
859,dog_24,,data.nex
860,dog_25,,data.nex
861,dog_26,,data.nex
862,dog_27,,data.nex
863,dog_28,,data.nex
864,dog_29,,data.nex
865,dog_3,,data.nex
866,dog_4,,data.nex
867,dog_5,,data.nex
868,dog_6,,data.nex
869,dog_7,,data.nex
870,dog_8,,data.nex
871,dog_9,,data.nex
872,drink_1,,data.nex
873,drink_10,,data.nex
874,drink_11,,data.nex
875,drink_12,,data.nex
876,drink_13,,data.nex
877,drink_14,,data.nex
878,drink_15,,data.nex
879,drink_16,,data.nex
880,drink_17,,data.nex
881,drink_18,,data.nex
882,drink_19,,data.nex
883,drink_2,,data.nex
884,drink_20,,data.nex
885,drink_21,,data.nex
886,drink_22,,data.nex
887,drink_23,,data.nex
888,drink_24,,data.nex
889,drink_3,,data.nex
890,drink_4,,data.nex
891,drink_5,,data.nex
892,drink_6,,data.nex
893,drink_7,,data.nex
894,drink_8,,data.nex
895,drink_9,,data.nex
896,ear_1,,data.nex
897,ear_10,,data.nex
898,ear_11,,data.nex
899,ear_12,,data.nex
900,ear_13,,data.nex
901,ear_14,,data.nex
902,ear_15,,data.nex
903,ear_16,,data.nex
904,ear_17,,data.nex
905,ear_18,,data.nex
906,ear_19,,data.nex
907,ear_2,,data.nex
908,ear_20,,data.nex
909,ear_21,,data.nex
910,ear_3,,data.nex
911,ear_4,,data.nex
912,ear_5,,data.nex
913,ear_6,,data.nex
914,ear_7,,data.nex
915,ear_8,,data.nex
916,ear_9,,data.nex
917,eat_1,,data.nex
918,eat_2,,data.nex
919,eat_3,,data.nex
920,eat_4,,data.nex
921,eat_5,,data.nex
922,eat_6,,data.nex
923,eat_7,,data.nex
924,eat_8,,data.nex
925,egg_1,,data.nex
926,egg_10,,data.nex
927,egg_11,,data.nex
928,egg_12,,data.nex
929,egg_13,,data.nex
930,egg_14,,data.nex
931,egg_15,,data.nex
932,egg_16,,data.nex
933,egg_17,,data.nex
934,egg_18,,data.nex
935,egg_19,,data.nex
936,egg_2,,data.nex
937,egg_20,,data.nex
938,egg_21,,data.nex
939,egg_22,,data.nex
940,egg_23,,data.nex
941,egg_24,,data.nex
942,egg_25,,data.nex
943,egg_26,,data.nex
944,egg_27,,data.nex
945,egg_28,,data.nex
946,egg_29,,data.nex
947,egg_3,,data.nex
948,egg_30,,data.nex
949,egg_31,,data.nex
950,egg_32,,data.nex
951,egg_33,,data.nex
952,egg_34,,data.nex
953,egg_35,,data.nex
954,egg_36,,data.nex
955,egg_37,,data.nex
956,egg_38,,data.nex
957,egg_39,,data.nex
958,egg_4,,data.nex
959,egg_40,,data.nex
960,egg_41,,data.nex
961,egg_5,,data.nex
962,egg_6,,data.nex
963,egg_7,,data.nex
964,egg_8,,data.nex
965,egg_9,,data.nex
966,elephant_1,,data.nex
967,elephant_10,,data.nex
968,elephant_11,,data.nex
969,elephant_12,,data.nex
970,elephant_13,,data.nex
971,elephant_2,,data.nex
972,elephant_3,,data.nex
973,elephant_4,,data.nex
974,elephant_5,,data.nex
975,elephant_6,,data.nex
976,elephant_7,,data.nex
977,elephant_9,,data.nex
978,eye_1,,data.nex
979,eye_10,,data.nex
980,eye_11,,data.nex
981,eye_12,,data.nex
982,eye_2,,data.nex
983,eye_3,,data.nex
984,eye_4,,data.nex
985,eye_5,,data.nex
986,eye_6,,data.nex
987,eye_7,,data.nex
988,eye_8,,data.nex
989,eye_9,,data.nex
990,face_1,,data.nex
991,face_10,,data.nex
992,face_11,,data.nex
993,face_12,,data.nex
994,face_13,,data.nex
995,face_14,,data.nex
996,face_15,,data.nex
997,face_16,,data.nex
998,face_17,,data.nex
999,face_18,,data.nex
1000,face_19,,data.nex
1001,face_2,,data.nex
1002,face_20,,data.nex
1003,face_21,,data.nex
1004,face_22,,data.nex
1005,face_23,,data.nex
1006,face_24,,data.nex
1007,face_25,,data.nex
1008,face_26,,data.nex
1009,face_27,,data.nex
1010,face_28,,data.nex
1011,face_29,,data.nex
1012,face_3,,data.nex
1013,face_30,,data.nex
1014,face_31,,data.nex
1015,face_32,,data.nex
1016,face_33,,data.nex
1017,face_4,,data.nex
1018,face_5,,data.nex
1019,face_6,,data.nex
1020,face_7,,data.nex
1021,face_8,,data.nex
1022,face_9,,data.nex
1023,fall_1,,data.nex
1024,fall_10,,data.nex
1025,fall_11,,data.nex
1026,fall_12,,data.nex
1027,fall_13,,data.nex
1028,fall_14,,data.nex
1029,fall_15,,data.nex
1030,fall_16,,data.nex
1031,fall_17,,data.nex
1032,fall_18,,data.nex
1033,fall_19,,data.nex
1034,fall_2,,data.nex
1035,fall_20,,data.nex
1036,fall_21,,data.nex
1037,fall_22,,data.nex
1038,fall_23,,data.nex
1039,fall_24,,data.nex
1040,fall_25,,data.nex
1041,fall_26,,data.nex
1042,fall_27,,data.nex
1043,fall_28,,data.nex
1044,fall_29,,data.nex
1045,fall_3,,data.nex
1046,fall_30,,data.nex
1047,fall_31,,data.nex
1048,fall_4,,data.nex
1049,fall_5,,data.nex
1050,fall_6,,data.nex
1051,fall_7,,data.nex
1052,fall_8,,data.nex
1053,fall_9,,data.nex
1054,fatoil_1,,data.nex
1055,fatoil_10,,data.nex
1056,fatoil_11,,data.nex
1057,fatoil_12,,data.nex
1058,fatoil_13,,data.nex
1059,fatoil_14,,data.nex
1060,fatoil_15,,data.nex
1061,fatoil_16,,data.nex
1062,fatoil_17,,data.nex
1063,fatoil_18,,data.nex
1064,fatoil_19,,data.nex
1065,fatoil_2,,data.nex
1066,fatoil_20,,data.nex
1067,fatoil_21,,data.nex
1068,fatoil_22,,data.nex
1069,fatoil_23,,data.nex
1070,fatoil_24,,data.nex
1071,fatoil_25,,data.nex
1072,fatoil_26,,data.nex
1073,fatoil_27,,data.nex
1074,fatoil_3,,data.nex
1075,fatoil_4,,data.nex
1076,fatoil_5,,data.nex
1077,fatoil_6,,data.nex
1078,fatoil_7,,data.nex
1079,fatoil_8,,data.nex
1080,fatoil_9,,data.nex
1081,feather_1,,data.nex
1082,feather_10,,data.nex
1083,feather_11,,data.nex
1084,feather_12,,data.nex
1085,feather_13,,data.nex
1086,feather_14,,data.nex
1087,feather_15,,data.nex
1088,feather_16,,data.nex
1089,feather_17,,data.nex
1090,feather_18,,data.nex
1091,feather_19,,data.nex
1092,feather_2,,data.nex
1093,feather_20,,data.nex
1094,feather_21,,data.nex
1095,feather_22,,data.nex
1096,feather_23,,data.nex
1097,feather_24,,data.nex
1098,feather_25,,data.nex
1099,feather_26,,data.nex
1100,feather_27,,data.nex
1101,feather_28,,data.nex
1102,feather_29,,data.nex
1103,feather_3,,data.nex
1104,feather_30,,data.nex
1105,feather_31,,data.nex
1106,feather_32,,data.nex
1107,feather_33,,data.nex
1108,feather_34,,data.nex
1109,feather_35,,data.nex
1110,feather_36,,data.nex
1111,feather_37,,data.nex
1112,feather_38,,data.nex
1113,feather_39,,data.nex
1114,feather_4,,data.nex
1115,feather_40,,data.nex
1116,feather_41,,data.nex
1117,feather_42,,data.nex
1118,feather_43,,data.nex
1119,feather_44,,data.nex
1120,feather_45,,data.nex
1121,feather_46,,data.nex
1122,feather_47,,data.nex
1123,feather_48,,data.nex
1124,feather_49,,data.nex
1125,feather_5,,data.nex
1126,feather_50,,data.nex
1127,feather_51,,data.nex
1128,feather_52,,data.nex
1129,feather_53,,data.nex
1130,feather_54,,data.nex
1131,feather_55,,data.nex
1132,feather_56,,data.nex
1133,feather_57,,data.nex
1134,feather_58,,data.nex
1135,feather_59,,data.nex
1136,feather_6,,data.nex
1137,feather_60,,data.nex
1138,feather_61,,data.nex
1139,feather_62,,data.nex
1140,feather_63,,data.nex
1141,feather_64,,data.nex
1142,feather_65,,data.nex
1143,feather_66,,data.nex
1144,feather_67,,data.nex
1145,feather_68,,data.nex
1146,feather_69,,data.nex
1147,feather_7,,data.nex
1148,feather_8,,data.nex
1149,feather_9,,data.nex
1150,fingernail_1,,data.nex
1151,fingernail_10,,data.nex
1152,fingernail_11,,data.nex
1153,fingernail_12,,data.nex
1154,fingernail_13,,data.nex
1155,fingernail_14,,data.nex
1156,fingernail_15,,data.nex
1157,fingernail_16,,data.nex
1158,fingernail_17,,data.nex
1159,fingernail_18,,data.nex
1160,fingernail_19,,data.nex
1161,fingernail_2,,data.nex
1162,fingernail_20,,data.nex
1163,fingernail_21,,data.nex
1164,fingernail_22,,data.nex
1165,fingernail_23,,data.nex
1166,fingernail_24,,data.nex
1167,fingernail_25,,data.nex
1168,fingernail_26,,data.nex
1169,fingernail_27,,data.nex
1170,fingernail_28,,data.nex
1171,fingernail_3,,data.nex
1172,fingernail_30,,data.nex
1173,fingernail_31,,data.nex
1174,fingernail_32,,data.nex
1175,fingernail_33,,data.nex
1176,fingernail_34,,data.nex
1177,fingernail_35,,data.nex
1178,fingernail_36,,data.nex
1179,fingernail_37,,data.nex
1180,fingernail_38,,data.nex
1181,fingernail_39,,data.nex
1182,fingernail_4,,data.nex
1183,fingernail_40,,data.nex
1184,fingernail_41,,data.nex
1185,fingernail_42,,data.nex
1186,fingernail_43,,data.nex
1187,fingernail_44,,data.nex
1188,fingernail_45,,data.nex
1189,fingernail_46,,data.nex
1190,fingernail_47,,data.nex
1191,fingernail_48,,data.nex
1192,fingernail_49,,data.nex
1193,fingernail_5,,data.nex
1194,fingernail_50,,data.nex
1195,fingernail_51,,data.nex
1196,fingernail_52,,data.nex
1197,fingernail_53,,data.nex
1198,fingernail_54,,data.nex
1199,fingernail_55,,data.nex
1200,fingernail_56,,data.nex
1201,fingernail_57,,data.nex
1202,fingernail_58,,data.nex
1203,fingernail_59,,data.nex
1204,fingernail_6,,data.nex
1205,fingernail_60,,data.nex
1206,fingernail_61,,data.nex
1207,fingernail_62,,data.nex
1208,fingernail_63,,data.nex
1209,fingernail_64,,data.nex
1210,fingernail_65,,data.nex
1211,fingernail_66,,data.nex
1212,fingernail_7,,data.nex
1213,fingernail_8,,data.nex
1214,fingernail_9,,data.nex
1215,firewood_1,,data.nex
1216,firewood_10,,data.nex
1217,firewood_11,,data.nex
1218,firewood_12,,data.nex
1219,firewood_13,,data.nex
1220,firewood_14,,data.nex
1221,firewood_15,,data.nex
1222,firewood_16,,data.nex
1223,firewood_17,,data.nex
1224,firewood_18,,data.nex
1225,firewood_19,,data.nex
1226,firewood_2,,data.nex
1227,firewood_20,,data.nex
1228,firewood_21,,data.nex
1229,firewood_22,,data.nex
1230,firewood_23,,data.nex
1231,firewood_24,,data.nex
1232,firewood_25,,data.nex
1233,firewood_26,,data.nex
1234,firewood_27,,data.nex
1235,firewood_28,,data.nex
1236,firewood_29,,data.nex
1237,firewood_3,,data.nex
1238,firewood_30,,data.nex
1239,firewood_31,,data.nex
1240,firewood_32,,data.nex
1241,firewood_33,,data.nex
1242,firewood_34,,data.nex
1243,firewood_35,,data.nex
1244,firewood_36,,data.nex
1245,firewood_37,,data.nex
1246,firewood_4,,data.nex
1247,firewood_5,,data.nex
1248,firewood_6,,data.nex
1249,firewood_7,,data.nex
1250,firewood_8,,data.nex
1251,firewood_9,,data.nex
1252,fire_1,,data.nex
1253,fire_10,,data.nex
1254,fire_11,,data.nex
1255,fire_12,,data.nex
1256,fire_13,,data.nex
1257,fire_14,,data.nex
1258,fire_15,,data.nex
1259,fire_16,,data.nex
1260,fire_17,,data.nex
1261,fire_18,,data.nex
1262,fire_19,,data.nex
1263,fire_2,,data.nex
1264,fire_20,,data.nex
1265,fire_21,,data.nex
1266,fire_22,,data.nex
1267,fire_23,,data.nex
1268,fire_24,,data.nex
1269,fire_25,,data.nex
1270,fire_26,,data.nex
1271,fire_27,,data.nex
1272,fire_28,,data.nex
1273,fire_29,,data.nex
1274,fire_3,,data.nex
1275,fire_30,,data.nex
1276,fire_31,,data.nex
1277,fire_32,,data.nex
1278,fire_33,,data.nex
1279,fire_34,,data.nex
1280,fire_35,,data.nex
1281,fire_36,,data.nex
1282,fire_37,,data.nex
1283,fire_38,,data.nex
1284,fire_39,,data.nex
1285,fire_4,,data.nex
1286,fire_40,,data.nex
1287,fire_5,,data.nex
1288,fire_6,,data.nex
1289,fire_7,,data.nex
1290,fire_8,,data.nex
1291,fire_9,,data.nex
1292,fish_1,,data.nex
1293,fish_10,,data.nex
1294,fish_11,,data.nex
1295,fish_12,,data.nex
1296,fish_13,,data.nex
1297,fish_14,,data.nex
1298,fish_15,,data.nex
1299,fish_16,,data.nex
1300,fish_17,,data.nex
1301,fish_18,,data.nex
1302,fish_19,,data.nex
1303,fish_2,,data.nex
1304,fish_20,,data.nex
1305,fish_21,,data.nex
1306,fish_22,,data.nex
1307,fish_23,,data.nex
1308,fish_24,,data.nex
1309,fish_25,,data.nex
1310,fish_26,,data.nex
1311,fish_27,,data.nex
1312,fish_28,,data.nex
1313,fish_29,,data.nex
1314,fish_3,,data.nex
1315,fish_30,,data.nex
1316,fish_31,,data.nex
1317,fish_32,,data.nex
1318,fish_33,,data.nex
1319,fish_34,,data.nex
1320,fish_35,,data.nex
1321,fish_36,,data.nex
1322,fish_37,,data.nex
1323,fish_38,,data.nex
1324,fish_39,,data.nex
1325,fish_4,,data.nex
1326,fish_40,,data.nex
1327,fish_41,,data.nex
1328,fish_5,,data.nex
1329,fish_6,,data.nex
1330,fish_7,,data.nex
1331,fish_8,,data.nex
1332,fish_9,,data.nex
1333,five_1,,data.nex
1334,five_2,,data.nex
1335,five_3,,data.nex
1336,five_4,,data.nex
1337,five_5,,data.nex
1338,five_6,,data.nex
1339,five_7,,data.nex
1340,five_8,,data.nex
1341,five_9,,data.nex
1342,fly_1,,data.nex
1343,fly_10,,data.nex
1344,fly_11,,data.nex
1345,fly_12,,data.nex
1346,fly_13,,data.nex
1347,fly_14,,data.nex
1348,fly_15,,data.nex
1349,fly_16,,data.nex
1350,fly_17,,data.nex
1351,fly_18,,data.nex
1352,fly_19,,data.nex
1353,fly_2,,data.nex
1354,fly_20,,data.nex
1355,fly_21,,data.nex
1356,fly_22,,data.nex
1357,fly_23,,data.nex
1358,fly_24,,data.nex
1359,fly_25,,data.nex
1360,fly_26,,data.nex
1361,fly_27,,data.nex
1362,fly_28,,data.nex
1363,fly_29,,data.nex
1364,fly_3,,data.nex
1365,fly_30,,data.nex
1366,fly_31,,data.nex
1367,fly_32,,data.nex
1368,fly_33,,data.nex
1369,fly_34,,data.nex
1370,fly_35,,data.nex
1371,fly_36,,data.nex
1372,fly_37,,data.nex
1373,fly_38,,data.nex
1374,fly_39,,data.nex
1375,fly_4,,data.nex
1376,fly_40,,data.nex
1377,fly_41,,data.nex
1378,fly_42,,data.nex
1379,fly_43,,data.nex
1380,fly_44,,data.nex
1381,fly_45,,data.nex
1382,fly_46,,data.nex
1383,fly_47,,data.nex
1384,fly_48,,data.nex
1385,fly_49,,data.nex
1386,fly_5,,data.nex
1387,fly_50,,data.nex
1388,fly_51,,data.nex
1389,fly_52,,data.nex
1390,fly_53,,data.nex
1391,fly_54,,data.nex
1392,fly_55,,data.nex
1393,fly_56,,data.nex
1394,fly_57,,data.nex
1395,fly_58,,data.nex
1396,fly_59,,data.nex
1397,fly_6,,data.nex
1398,fly_60,,data.nex
1399,fly_61,,data.nex
1400,fly_62,,data.nex
1401,fly_7,,data.nex
1402,fly_8,,data.nex
1403,fly_9,,data.nex
1404,four_1,,data.nex
1405,four_2,,data.nex
1406,four_3,,data.nex
1407,four_4,,data.nex
1408,four_5,,data.nex
1409,four_6,,data.nex
1410,four_7,,data.nex
1411,four_8,,data.nex
1412,give_1,,data.nex
1413,give_10,,data.nex
1414,give_11,,data.nex
1415,give_12,,data.nex
1416,give_13,,data.nex
1417,give_14,,data.nex
1418,give_15,,data.nex
1419,give_16,,data.nex
1420,give_17,,data.nex
1421,give_18,,data.nex
1422,give_19,,data.nex
1423,give_2,,data.nex
1424,give_20,,data.nex
1425,give_21,,data.nex
1426,give_22,,data.nex
1427,give_23,,data.nex
1428,give_24,,data.nex
1429,give_25,,data.nex
1430,give_26,,data.nex
1431,give_27,,data.nex
1432,give_28,,data.nex
1433,give_29,,data.nex
1434,give_3,,data.nex
1435,give_30,,data.nex
1436,give_31,,data.nex
1437,give_32,,data.nex
1438,give_33,,data.nex
1439,give_34,,data.nex
1440,give_35,,data.nex
1441,give_36,,data.nex
1442,give_37,,data.nex
1443,give_38,,data.nex
1444,give_39,,data.nex
1445,give_4,,data.nex
1446,give_40,,data.nex
1447,give_41,,data.nex
1448,give_42,,data.nex
1449,give_43,,data.nex
1450,give_44,,data.nex
1451,give_45,,data.nex
1452,give_5,,data.nex
1453,give_6,,data.nex
1454,give_7,,data.nex
1455,give_8,,data.nex
1456,give_9,,data.nex
1457,goat_1,,data.nex
1458,goat_10,,data.nex
1459,goat_11,,data.nex
1460,goat_12,,data.nex
1461,goat_13,,data.nex
1462,goat_14,,data.nex
1463,goat_15,,data.nex
1464,goat_16,,data.nex
1465,goat_17,,data.nex
1466,goat_18,,data.nex
1467,goat_19,,data.nex
1468,goat_2,,data.nex
1469,goat_20,,data.nex
1470,goat_21,,data.nex
1471,goat_22,,data.nex
1472,goat_23,,data.nex
1473,goat_3,,data.nex
1474,goat_4,,data.nex
1475,goat_5,,data.nex
1476,goat_6,,data.nex
1477,goat_7,,data.nex
1478,goat_8,,data.nex
1479,goat_9,,data.nex
1480,groundsoil_1,,data.nex
1481,groundsoil_10,,data.nex
1482,groundsoil_11,,data.nex
1483,groundsoil_12,,data.nex
1484,groundsoil_13,,data.nex
1485,groundsoil_14,,data.nex
1486,groundsoil_15,,data.nex
1487,groundsoil_16,,data.nex
1488,groundsoil_17,,data.nex
1489,groundsoil_18,,data.nex
1490,groundsoil_19,,data.nex
1491,groundsoil_2,,data.nex
1492,groundsoil_20,,data.nex
1493,groundsoil_21,,data.nex
1494,groundsoil_22,,data.nex
1495,groundsoil_23,,data.nex
1496,groundsoil_24,,data.nex
1497,groundsoil_25,,data.nex
1498,groundsoil_26,,data.nex
1499,groundsoil_27,,data.nex
1500,groundsoil_28,,data.nex
1501,groundsoil_29,,data.nex
1502,groundsoil_3,,data.nex
1503,groundsoil_30,,data.nex
1504,groundsoil_31,,data.nex
1505,groundsoil_32,,data.nex
1506,groundsoil_33,,data.nex
1507,groundsoil_34,,data.nex
1508,groundsoil_35,,data.nex
1509,groundsoil_36,,data.nex
1510,groundsoil_37,,data.nex
1511,groundsoil_38,,data.nex
1512,groundsoil_39,,data.nex
1513,groundsoil_4,,data.nex
1514,groundsoil_40,,data.nex
1515,groundsoil_41,,data.nex
1516,groundsoil_42,,data.nex
1517,groundsoil_43,,data.nex
1518,groundsoil_44,,data.nex
1519,groundsoil_45,,data.nex
1520,groundsoil_46,,data.nex
1521,groundsoil_47,,data.nex
1522,groundsoil_48,,data.nex
1523,groundsoil_49,,data.nex
1524,groundsoil_5,,data.nex
1525,groundsoil_6,,data.nex
1526,groundsoil_7,,data.nex
1527,groundsoil_8,,data.nex
1528,groundsoil_9,,data.nex
1529,hair_1,,data.nex
1530,hair_10,,data.nex
1531,hair_11,,data.nex
1532,hair_12,,data.nex
1533,hair_13,,data.nex
1534,hair_14,,data.nex
1535,hair_15,,data.nex
1536,hair_16,,data.nex
1537,hair_17,,data.nex
1538,hair_18,,data.nex
1539,hair_19,,data.nex
1540,hair_2,,data.nex
1541,hair_20,,data.nex
1542,hair_21,,data.nex
1543,hair_22,,data.nex
1544,hair_23,,data.nex
1545,hair_24,,data.nex
1546,hair_25,,data.nex
1547,hair_26,,data.nex
1548,hair_27,,data.nex
1549,hair_28,,data.nex
1550,hair_29,,data.nex
1551,hair_3,,data.nex
1552,hair_30,,data.nex
1553,hair_31,,data.nex
1554,hair_32,,data.nex
1555,hair_33,,data.nex
1556,hair_34,,data.nex
1557,hair_35,,data.nex
1558,hair_36,,data.nex
1559,hair_37,,data.nex
1560,hair_38,,data.nex
1561,hair_39,,data.nex
1562,hair_4,,data.nex
1563,hair_40,,data.nex
1564,hair_41,,data.nex
1565,hair_42,,data.nex
1566,hair_43,,data.nex
1567,hair_44,,data.nex
1568,hair_45,,data.nex
1569,hair_46,,data.nex
1570,hair_47,,data.nex
1571,hair_48,,data.nex
1572,hair_49,,data.nex
1573,hair_5,,data.nex
1574,hair_50,,data.nex
1575,hair_51,,data.nex
1576,hair_52,,data.nex
1577,hair_53,,data.nex
1578,hair_54,,data.nex
1579,hair_55,,data.nex
1580,hair_6,,data.nex
1581,hair_7,,data.nex
1582,hair_8,,data.nex
1583,hair_9,,data.nex
1584,head_1,,data.nex
1585,head_10,,data.nex
1586,head_11,,data.nex
1587,head_13,,data.nex
1588,head_14,,data.nex
1589,head_15,,data.nex
1590,head_16,,data.nex
1591,head_17,,data.nex
1592,head_18,,data.nex
1593,head_2,,data.nex
1594,head_3,,data.nex
1595,head_4,,data.nex
1596,head_5,,data.nex
1597,head_6,,data.nex
1598,head_7,,data.nex
1599,head_8,,data.nex
1600,head_9,,data.nex
1601,hear_1,,data.nex
1602,hear_10,,data.nex
1603,hear_11,,data.nex
1604,hear_12,,data.nex
1605,hear_13,,data.nex
1606,hear_14,,data.nex
1607,hear_15,,data.nex
1608,hear_16,,data.nex
1609,hear_17,,data.nex
1610,hear_18,,data.nex
1611,hear_19,,data.nex
1612,hear_2,,data.nex
1613,hear_20,,data.nex
1614,hear_21,,data.nex
1615,hear_22,,data.nex
1616,hear_23,,data.nex
1617,hear_24,,data.nex
1618,hear_25,,data.nex
1619,hear_26,,data.nex
1620,hear_27,,data.nex
1621,hear_28,,data.nex
1622,hear_29,,data.nex
1623,hear_3,,data.nex
1624,hear_30,,data.nex
1625,hear_31,,data.nex
1626,hear_32,,data.nex
1627,hear_33,,data.nex
1628,hear_34,,data.nex
1629,hear_35,,data.nex
1630,hear_36,,data.nex
1631,hear_37,,data.nex
1632,hear_38,,data.nex
1633,hear_39,,data.nex
1634,hear_4,,data.nex
1635,hear_40,,data.nex
1636,hear_41,,data.nex
1637,hear_5,,data.nex
1638,hear_6,,data.nex
1639,hear_7,,data.nex
1640,hear_8,,data.nex
1641,hear_9,,data.nex
1642,heart_1,,data.nex
1643,heart_10,,data.nex
1644,heart_11,,data.nex
1645,heart_12,,data.nex
1646,heart_13,,data.nex
1647,heart_14,,data.nex
1648,heart_15,,data.nex
1649,heart_16,,data.nex
1650,heart_17,,data.nex
1651,heart_18,,data.nex
1652,heart_19,,data.nex
1653,heart_2,,data.nex
1654,heart_20,,data.nex
1655,heart_21,,data.nex
1656,heart_22,,data.nex
1657,heart_23,,data.nex
1658,heart_24,,data.nex
1659,heart_25,,data.nex
1660,heart_26,,data.nex
1661,heart_27,,data.nex
1662,heart_28,,data.nex
1663,heart_29,,data.nex
1664,heart_3,,data.nex
1665,heart_30,,data.nex
1666,heart_31,,data.nex
1667,heart_32,,data.nex
1668,heart_33,,data.nex
1669,heart_4,,data.nex
1670,heart_5,,data.nex
1671,heart_6,,data.nex
1672,heart_7,,data.nex
1673,heart_8,,data.nex
1674,heart_9,,data.nex
1675,horn_1,,data.nex
1676,horn_10,,data.nex
1677,horn_11,,data.nex
1678,horn_12,,data.nex
1679,horn_13,,data.nex
1680,horn_14,,data.nex
1681,horn_15,,data.nex
1682,horn_16,,data.nex
1683,horn_17,,data.nex
1684,horn_18,,data.nex
1685,horn_19,,data.nex
1686,horn_2,,data.nex
1687,horn_20,,data.nex
1688,horn_21,,data.nex
1689,horn_22,,data.nex
1690,horn_23,,data.nex
1691,horn_24,,data.nex
1692,horn_25,,data.nex
1693,horn_26,,data.nex
1694,horn_27,,data.nex
1695,horn_28,,data.nex
1696,horn_29,,data.nex
1697,horn_3,,data.nex
1698,horn_30,,data.nex
1699,horn_31,,data.nex
1700,horn_32,,data.nex
1701,horn_33,,data.nex
1702,horn_34,,data.nex
1703,horn_35,,data.nex
1704,horn_36,,data.nex
1705,horn_37,,data.nex
1706,horn_38,,data.nex
1707,horn_39,,data.nex
1708,horn_4,,data.nex
1709,horn_40,,data.nex
1710,horn_41,,data.nex
1711,horn_42,,data.nex
1712,horn_43,,data.nex
1713,horn_44,,data.nex
1714,horn_5,,data.nex
1715,horn_6,,data.nex
1716,horn_7,,data.nex
1717,horn_8,,data.nex
1718,horn_9,,data.nex
1719,house_1,,data.nex
1720,house_10,,data.nex
1721,house_11,,data.nex
1722,house_12,,data.nex
1723,house_13,,data.nex
1724,house_14,,data.nex
1725,house_15,,data.nex
1726,house_16,,data.nex
1727,house_17,,data.nex
1728,house_18,,data.nex
1729,house_19,,data.nex
1730,house_2,,data.nex
1731,house_20,,data.nex
1732,house_21,,data.nex
1733,house_22,,data.nex
1734,house_23,,data.nex
1735,house_25,,data.nex
1736,house_26,,data.nex
1737,house_27,,data.nex
1738,house_28,,data.nex
1739,house_29,,data.nex
1740,house_3,,data.nex
1741,house_30,,data.nex
1742,house_31,,data.nex
1743,house_4,,data.nex
1744,house_5,,data.nex
1745,house_6,,data.nex
1746,house_7,,data.nex
1747,house_8,,data.nex
1748,house_9,,data.nex
1749,hunger_1,,data.nex
1750,hunger_10,,data.nex
1751,hunger_11,,data.nex
1752,hunger_12,,data.nex
1753,hunger_13,,data.nex
1754,hunger_14,,data.nex
1755,hunger_15,,data.nex
1756,hunger_16,,data.nex
1757,hunger_2,,data.nex
1758,hunger_3,,data.nex
1759,hunger_4,,data.nex
1760,hunger_5,,data.nex
1761,hunger_6,,data.nex
1762,hunger_7,,data.nex
1763,hunger_8,,data.nex
1764,hunger_9,,data.nex
1765,intestine_1,,data.nex
1766,intestine_10,,data.nex
1767,intestine_11,,data.nex
1768,intestine_12,,data.nex
1769,intestine_13,,data.nex
1770,intestine_14,,data.nex
1771,intestine_15,,data.nex
1772,intestine_16,,data.nex
1773,intestine_17,,data.nex
1774,intestine_18,,data.nex
1775,intestine_19,,data.nex
1776,intestine_2,,data.nex
1777,intestine_20,,data.nex
1778,intestine_21,,data.nex
1779,intestine_22,,data.nex
1780,intestine_23,,data.nex
1781,intestine_24,,data.nex
1782,intestine_25,,data.nex
1783,intestine_26,,data.nex
1784,intestine_27,,data.nex
1785,intestine_28,,data.nex
1786,intestine_29,,data.nex
1787,intestine_3,,data.nex
1788,intestine_4,,data.nex
1789,intestine_5,,data.nex
1790,intestine_6,,data.nex
1791,intestine_7,,data.nex
1792,intestine_8,,data.nex
1793,intestine_9,,data.nex
1794,iron_1,,data.nex
1795,iron_10,,data.nex
1796,iron_11,,data.nex
1797,iron_12,,data.nex
1798,iron_13,,data.nex
1799,iron_14,,data.nex
1800,iron_15,,data.nex
1801,iron_16,,data.nex
1802,iron_17,,data.nex
1803,iron_18,,data.nex
1804,iron_19,,data.nex
1805,iron_2,,data.nex
1806,iron_20,,data.nex
1807,iron_21,,data.nex
1808,iron_22,,data.nex
1809,iron_23,,data.nex
1810,iron_24,,data.nex
1811,iron_25,,data.nex
1812,iron_26,,data.nex
1813,iron_27,,data.nex
1814,iron_28,,data.nex
1815,iron_29,,data.nex
1816,iron_3,,data.nex
1817,iron_30,,data.nex
1818,iron_31,,data.nex
1819,iron_32,,data.nex
1820,iron_33,,data.nex
1821,iron_34,,data.nex
1822,iron_35,,data.nex
1823,iron_36,,data.nex
1824,iron_37,,data.nex
1825,iron_38,,data.nex
1826,iron_39,,data.nex
1827,iron_4,,data.nex
1828,iron_40,,data.nex
1829,iron_41,,data.nex
1830,iron_42,,data.nex
1831,iron_43,,data.nex
1832,iron_44,,data.nex
1833,iron_45,,data.nex
1834,iron_46,,data.nex
1835,iron_47,,data.nex
1836,iron_48,,data.nex
1837,iron_49,,data.nex
1838,iron_5,,data.nex
1839,iron_50,,data.nex
1840,iron_51,,data.nex
1841,iron_52,,data.nex
1842,iron_53,,data.nex
1843,iron_54,,data.nex
1844,iron_6,,data.nex
1845,iron_7,,data.nex
1846,iron_8,,data.nex
1847,iron_9,,data.nex
1848,kill_1,,data.nex
1849,kill_10,,data.nex
1850,kill_11,,data.nex
1851,kill_12,,data.nex
1852,kill_13,,data.nex
1853,kill_14,,data.nex
1854,kill_15,,data.nex
1855,kill_16,,data.nex
1856,kill_17,,data.nex
1857,kill_18,,data.nex
1858,kill_19,,data.nex
1859,kill_2,,data.nex
1860,kill_20,,data.nex
1861,kill_21,,data.nex
1862,kill_22,,data.nex
1863,kill_23,,data.nex
1864,kill_24,,data.nex
1865,kill_25,,data.nex
1866,kill_26,,data.nex
1867,kill_27,,data.nex
1868,kill_28,,data.nex
1869,kill_29,,data.nex
1870,kill_3,,data.nex
1871,kill_30,,data.nex
1872,kill_31,,data.nex
1873,kill_32,,data.nex
1874,kill_33,,data.nex
1875,kill_34,,data.nex
1876,kill_35,,data.nex
1877,kill_36,,data.nex
1878,kill_37,,data.nex
1879,kill_38,,data.nex
1880,kill_39,,data.nex
1881,kill_4,,data.nex
1882,kill_40,,data.nex
1883,kill_41,,data.nex
1884,kill_42,,data.nex
1885,kill_43,,data.nex
1886,kill_5,,data.nex
1887,kill_6,,data.nex
1888,kill_7,,data.nex
1889,kill_8,,data.nex
1890,kill_9,,data.nex
1891,knee_1,,data.nex
1892,knee_10,,data.nex
1893,knee_11,,data.nex
1894,knee_12,,data.nex
1895,knee_13,,data.nex
1896,knee_14,,data.nex
1897,knee_15,,data.nex
1898,knee_16,,data.nex
1899,knee_17,,data.nex
1900,knee_18,,data.nex
1901,knee_19,,data.nex
1902,knee_2,,data.nex
1903,knee_20,,data.nex
1904,knee_21,,data.nex
1905,knee_22,,data.nex
1906,knee_23,,data.nex
1907,knee_24,,data.nex
1908,knee_25,,data.nex
1909,knee_26,,data.nex
1910,knee_27,,data.nex
1911,knee_28,,data.nex
1912,knee_29,,data.nex
1913,knee_3,,data.nex
1914,knee_30,,data.nex
1915,knee_31,,data.nex
1916,knee_32,,data.nex
1917,knee_33,,data.nex
1918,knee_34,,data.nex
1919,knee_35,,data.nex
1920,knee_36,,data.nex
1921,knee_37,,data.nex
1922,knee_38,,data.nex
1923,knee_39,,data.nex
1924,knee_4,,data.nex
1925,knee_40,,data.nex
1926,knee_41,,data.nex
1927,knee_42,,data.nex
1928,knee_43,,data.nex
1929,knee_44,,data.nex
1930,knee_45,,data.nex
1931,knee_46,,data.nex
1932,knee_47,,data.nex
1933,knee_48,,data.nex
1934,knee_49,,data.nex
1935,knee_5,,data.nex
1936,knee_50,,data.nex
1937,knee_51,,data.nex
1938,knee_52,,data.nex
1939,knee_53,,data.nex
1940,knee_54,,data.nex
1941,knee_55,,data.nex
1942,knee_56,,data.nex
1943,knee_57,,data.nex
1944,knee_58,,data.nex
1945,knee_59,,data.nex
1946,knee_6,,data.nex
1947,knee_60,,data.nex
1948,knee_61,,data.nex
1949,knee_62,,data.nex
1950,knee_63,,data.nex
1951,knee_7,,data.nex
1952,knee_8,,data.nex
1953,knee_9,,data.nex
1954,knife_1,,data.nex
1955,knife_10,,data.nex
1956,knife_11,,data.nex
1957,knife_12,,data.nex
1958,knife_13,,data.nex
1959,knife_14,,data.nex
1960,knife_15,,data.nex
1961,knife_16,,data.nex
1962,knife_17,,data.nex
1963,knife_18,,data.nex
1964,knife_19,,data.nex
1965,knife_2,,data.nex
1966,knife_20,,data.nex
1967,knife_21,,data.nex
1968,knife_22,,data.nex
1969,knife_23,,data.nex
1970,knife_24,,data.nex
1971,knife_25,,data.nex
1972,knife_26,,data.nex
1973,knife_27,,data.nex
1974,knife_28,,data.nex
1975,knife_29,,data.nex
1976,knife_3,,data.nex
1977,knife_30,,data.nex
1978,knife_31,,data.nex
1979,knife_32,,data.nex
1980,knife_33,,data.nex
1981,knife_34,,data.nex
1982,knife_35,,data.nex
1983,knife_36,,data.nex
1984,knife_37,,data.nex
1985,knife_38,,data.nex
1986,knife_39,,data.nex
1987,knife_4,,data.nex
1988,knife_40,,data.nex
1989,knife_41,,data.nex
1990,knife_42,,data.nex
1991,knife_43,,data.nex
1992,knife_44,,data.nex
1993,knife_45,,data.nex
1994,knife_46,,data.nex
1995,knife_47,,data.nex
1996,knife_48,,data.nex
1997,knife_49,,data.nex
1998,knife_5,,data.nex
1999,knife_50,,data.nex
2000,knife_51,,data.nex
2001,knife_52,,data.nex
2002,knife_53,,data.nex
2003,knife_54,,data.nex
2004,knife_55,,data.nex
2005,knife_56,,data.nex
2006,knife_57,,data.nex
2007,knife_58,,data.nex
2008,knife_59,,data.nex
2009,knife_6,,data.nex
2010,knife_60,,data.nex
2011,knife_61,,data.nex
2012,knife_62,,data.nex
2013,knife_7,,data.nex
2014,knife_8,,data.nex
2015,knife_9,,data.nex
2016,know_1,,data.nex
2017,know_10,,data.nex
2018,know_11,,data.nex
2019,know_12,,data.nex
2020,know_13,,data.nex
2021,know_14,,data.nex
2022,know_15,,data.nex
2023,know_16,,data.nex
2024,know_17,,data.nex
2025,know_18,,data.nex
2026,know_19,,data.nex
2027,know_2,,data.nex
2028,know_20,,data.nex
2029,know_21,,data.nex
2030,know_22,,data.nex
2031,know_23,,data.nex
2032,know_24,,data.nex
2033,know_25,,data.nex
2034,know_26,,data.nex
2035,know_27,,data.nex
2036,know_28,,data.nex
2037,know_29,,data.nex
2038,know_3,,data.nex
2039,know_30,,data.nex
2040,know_31,,data.nex
2041,know_32,,data.nex
2042,know_33,,data.nex
2043,know_34,,data.nex
2044,know_35,,data.nex
2045,know_36,,data.nex
2046,know_37,,data.nex
2047,know_38,,data.nex
2048,know_39,,data.nex
2049,know_4,,data.nex
2050,know_40,,data.nex
2051,know_41,,data.nex
2052,know_42,,data.nex
2053,know_43,,data.nex
2054,know_44,,data.nex
2055,know_45,,data.nex
2056,know_5,,data.nex
2057,know_6,,data.nex
2058,know_7,,data.nex
2059,know_8,,data.nex
2060,know_9,,data.nex
2061,leaf_1,,data.nex
2062,leaf_10,,data.nex
2063,leaf_11,,data.nex
2064,leaf_12,,data.nex
2065,leaf_13,,data.nex
2066,leaf_14,,data.nex
2067,leaf_15,,data.nex
2068,leaf_16,,data.nex
2069,leaf_17,,data.nex
2070,leaf_19,,data.nex
2071,leaf_2,,data.nex
2072,leaf_20,,data.nex
2073,leaf_21,,data.nex
2074,leaf_22,,data.nex
2075,leaf_23,,data.nex
2076,leaf_24,,data.nex
2077,leaf_25,,data.nex
2078,leaf_26,,data.nex
2079,leaf_27,,data.nex
2080,leaf_28,,data.nex
2081,leaf_29,,data.nex
2082,leaf_3,,data.nex
2083,leaf_30,,data.nex
2084,leaf_31,,data.nex
2085,leaf_32,,data.nex
2086,leaf_33,,data.nex
2087,leaf_34,,data.nex
2088,leaf_35,,data.nex
2089,leaf_36,,data.nex
2090,leaf_37,,data.nex
2091,leaf_38,,data.nex
2092,leaf_39,,data.nex
2093,leaf_4,,data.nex
2094,leaf_40,,data.nex
2095,leaf_41,,data.nex
2096,leaf_42,,data.nex
2097,leaf_43,,data.nex
2098,leaf_44,,data.nex
2099,leaf_45,,data.nex
2100,leaf_46,,data.nex
2101,leaf_47,,data.nex
2102,leaf_48,,data.nex
2103,leaf_49,,data.nex
2104,leaf_5,,data.nex
2105,leaf_50,,data.nex
2106,leaf_51,,data.nex
2107,leaf_52,,data.nex
2108,leaf_53,,data.nex
2109,leaf_54,,data.nex
2110,leaf_55,,data.nex
2111,leaf_56,,data.nex
2112,leaf_57,,data.nex
2113,leaf_58,,data.nex
2114,leaf_59,,data.nex
2115,leaf_6,,data.nex
2116,leaf_60,,data.nex
2117,leaf_61,,data.nex
2118,leaf_62,,data.nex
2119,leaf_7,,data.nex
2120,leaf_8,,data.nex
2121,leaf_9,,data.nex
2122,leg_1,,data.nex
2123,leg_10,,data.nex
2124,leg_11,,data.nex
2125,leg_12,,data.nex
2126,leg_13,,data.nex
2127,leg_14,,data.nex
2128,leg_15,,data.nex
2129,leg_16,,data.nex
2130,leg_17,,data.nex
2131,leg_18,,data.nex
2132,leg_19,,data.nex
2133,leg_2,,data.nex
2134,leg_20,,data.nex
2135,leg_21,,data.nex
2136,leg_22,,data.nex
2137,leg_23,,data.nex
2138,leg_24,,data.nex
2139,leg_25,,data.nex
2140,leg_26,,data.nex
2141,leg_27,,data.nex
2142,leg_28,,data.nex
2143,leg_29,,data.nex
2144,leg_3,,data.nex
2145,leg_30,,data.nex
2146,leg_31,,data.nex
2147,leg_32,,data.nex
2148,leg_33,,data.nex
2149,leg_34,,data.nex
2150,leg_35,,data.nex
2151,leg_36,,data.nex
2152,leg_37,,data.nex
2153,leg_38,,data.nex
2154,leg_39,,data.nex
2155,leg_4,,data.nex
2156,leg_40,,data.nex
2157,leg_5,,data.nex
2158,leg_6,,data.nex
2159,leg_7,,data.nex
2160,leg_8,,data.nex
2161,leg_9,,data.nex
2162,liver_1,,data.nex
2163,liver_10,,data.nex
2164,liver_11,,data.nex
2165,liver_12,,data.nex
2166,liver_13,,data.nex
2167,liver_14,,data.nex
2168,liver_15,,data.nex
2169,liver_16,,data.nex
2170,liver_17,,data.nex
2171,liver_18,,data.nex
2172,liver_19,,data.nex
2173,liver_2,,data.nex
2174,liver_20,,data.nex
2175,liver_21,,data.nex
2176,liver_22,,data.nex
2177,liver_23,,data.nex
2178,liver_24,,data.nex
2179,liver_25,,data.nex
2180,liver_26,,data.nex
2181,liver_27,,data.nex
2182,liver_28,,data.nex
2183,liver_29,,data.nex
2184,liver_3,,data.nex
2185,liver_30,,data.nex
2186,liver_31,,data.nex
2187,liver_32,,data.nex
2188,liver_33,,data.nex
2189,liver_34,,data.nex
2190,liver_35,,data.nex
2191,liver_36,,data.nex
2192,liver_37,,data.nex
2193,liver_38,,data.nex
2194,liver_39,,data.nex
2195,liver_4,,data.nex
2196,liver_40,,data.nex
2197,liver_41,,data.nex
2198,liver_42,,data.nex
2199,liver_43,,data.nex
2200,liver_44,,data.nex
2201,liver_45,,data.nex
2202,liver_46,,data.nex
2203,liver_47,,data.nex
2204,liver_48,,data.nex
2205,liver_49,,data.nex
2206,liver_5,,data.nex
2207,liver_50,,data.nex
2208,liver_51,,data.nex
2209,liver_52,,data.nex
2210,liver_53,,data.nex
2211,liver_54,,data.nex
2212,liver_55,,data.nex
2213,liver_56,,data.nex
2214,liver_57,,data.nex
2215,liver_58,,data.nex
2216,liver_59,,data.nex
2217,liver_6,,data.nex
2218,liver_60,,data.nex
2219,liver_61,,data.nex
2220,liver_62,,data.nex
2221,liver_63,,data.nex
2222,liver_64,,data.nex
2223,liver_65,,data.nex
2224,liver_66,,data.nex
2225,liver_67,,data.nex
2226,liver_68,,data.nex
2227,liver_7,,data.nex
2228,liver_8,,data.nex
2229,liver_9,,data.nex
2230,louse_1,,data.nex
2231,louse_10,,data.nex
2232,louse_11,,data.nex
2233,louse_12,,data.nex
2234,louse_13,,data.nex
2235,louse_14,,data.nex
2236,louse_15,,data.nex
2237,louse_16,,data.nex
2238,louse_17,,data.nex
2239,louse_18,,data.nex
2240,louse_19,,data.nex
2241,louse_2,,data.nex
2242,louse_20,,data.nex
2243,louse_21,,data.nex
2244,louse_22,,data.nex
2245,louse_23,,data.nex
2246,louse_24,,data.nex
2247,louse_25,,data.nex
2248,louse_26,,data.nex
2249,louse_27,,data.nex
2250,louse_28,,data.nex
2251,louse_29,,data.nex
2252,louse_3,,data.nex
2253,louse_30,,data.nex
2254,louse_31,,data.nex
2255,louse_32,,data.nex
2256,louse_33,,data.nex
2257,louse_34,,data.nex
2258,louse_35,,data.nex
2259,louse_36,,data.nex
2260,louse_37,,data.nex
2261,louse_38,,data.nex
2262,louse_39,,data.nex
2263,louse_4,,data.nex
2264,louse_40,,data.nex
2265,louse_41,,data.nex
2266,louse_42,,data.nex
2267,louse_43,,data.nex
2268,louse_44,,data.nex
2269,louse_45,,data.nex
2270,louse_46,,data.nex
2271,louse_47,,data.nex
2272,louse_48,,data.nex
2273,louse_49,,data.nex
2274,louse_5,,data.nex
2275,louse_6,,data.nex
2276,louse_7,,data.nex
2277,louse_8,,data.nex
2278,louse_9,,data.nex
2279,man_1,,data.nex
2280,man_10,,data.nex
2281,man_11,,data.nex
2282,man_12,,data.nex
2283,man_13,,data.nex
2284,man_14,,data.nex
2285,man_15,,data.nex
2286,man_16,,data.nex
2287,man_17,,data.nex
2288,man_18,,data.nex
2289,man_19,,data.nex
2290,man_2,,data.nex
2291,man_20,,data.nex
2292,man_21,,data.nex
2293,man_22,,data.nex
2294,man_23,,data.nex
2295,man_24,,data.nex
2296,man_25,,data.nex
2297,man_26,,data.nex
2298,man_27,,data.nex
2299,man_28,,data.nex
2300,man_29,,data.nex
2301,man_3,,data.nex
2302,man_30,,data.nex
2303,man_31,,data.nex
2304,man_32,,data.nex
2305,man_33,,data.nex
2306,man_34,,data.nex
2307,man_35,,data.nex
2308,man_36,,data.nex
2309,man_37,,data.nex
2310,man_38,,data.nex
2311,man_39,,data.nex
2312,man_4,,data.nex
2313,man_40,,data.nex
2314,man_41,,data.nex
2315,man_42,,data.nex
2316,man_43,,data.nex
2317,man_44,,data.nex
2318,man_45,,data.nex
2319,man_46,,data.nex
2320,man_47,,data.nex
2321,man_48,,data.nex
2322,man_49,,data.nex
2323,man_5,,data.nex
2324,man_50,,data.nex
2325,man_6,,data.nex
2326,man_7,,data.nex
2327,man_8,,data.nex
2328,man_9,,data.nex
2329,moon_1,,data.nex
2330,moon_10,,data.nex
2331,moon_11,,data.nex
2332,moon_12,,data.nex
2333,moon_13,,data.nex
2334,moon_14,,data.nex
2335,moon_15,,data.nex
2336,moon_16,,data.nex
2337,moon_17,,data.nex
2338,moon_18,,data.nex
2339,moon_19,,data.nex
2340,moon_2,,data.nex
2341,moon_20,,data.nex
2342,moon_21,,data.nex
2343,moon_22,,data.nex
2344,moon_23,,data.nex
2345,moon_3,,data.nex
2346,moon_4,,data.nex
2347,moon_5,,data.nex
2348,moon_6,,data.nex
2349,moon_7,,data.nex
2350,moon_8,,data.nex
2351,moon_9,,data.nex
2352,mouth_1,,data.nex
2353,mouth_10,,data.nex
2354,mouth_11,,data.nex
2355,mouth_12,,data.nex
2356,mouth_13,,data.nex
2357,mouth_14,,data.nex
2358,mouth_15,,data.nex
2359,mouth_16,,data.nex
2360,mouth_17,,data.nex
2361,mouth_18,,data.nex
2362,mouth_19,,data.nex
2363,mouth_2,,data.nex
2364,mouth_20,,data.nex
2365,mouth_3,,data.nex
2366,mouth_4,,data.nex
2367,mouth_5,,data.nex
2368,mouth_6,,data.nex
2369,mouth_7,,data.nex
2370,mouth_8,,data.nex
2371,mouth_9,,data.nex
2372,name_1,,data.nex
2373,name_10,,data.nex
2374,name_11,,data.nex
2375,name_12,,data.nex
2376,name_13,,data.nex
2377,name_14,,data.nex
2378,name_15,,data.nex
2379,name_16,,data.nex
2380,name_17,,data.nex
2381,name_18,,data.nex
2382,name_19,,data.nex
2383,name_2,,data.nex
2384,name_3,,data.nex
2385,name_4,,data.nex
2386,name_5,,data.nex
2387,name_6,,data.nex
2388,name_7,,data.nex
2389,name_8,,data.nex
2390,name_9,,data.nex
2391,navel_1,,data.nex
2392,navel_10,,data.nex
2393,navel_11,,data.nex
2394,navel_12,,data.nex
2395,navel_13,,data.nex
2396,navel_14,,data.nex
2397,navel_15,,data.nex
2398,navel_16,,data.nex
2399,navel_17,,data.nex
2400,navel_18,,data.nex
2401,navel_19,,data.nex
2402,navel_2,,data.nex
2403,navel_20,,data.nex
2404,navel_21,,data.nex
2405,navel_22,,data.nex
2406,navel_23,,data.nex
2407,navel_24,,data.nex
2408,navel_25,,data.nex
2409,navel_26,,data.nex
2410,navel_27,,data.nex
2411,navel_28,,data.nex
2412,navel_29,,data.nex
2413,navel_3,,data.nex
2414,navel_30,,data.nex
2415,navel_31,,data.nex
2416,navel_32,,data.nex
2417,navel_33,,data.nex
2418,navel_34,,data.nex
2419,navel_35,,data.nex
2420,navel_36,,data.nex
2421,navel_37,,data.nex
2422,navel_38,,data.nex
2423,navel_39,,data.nex
2424,navel_4,,data.nex
2425,navel_40,,data.nex
2426,navel_41,,data.nex
2427,navel_42,,data.nex
2428,navel_5,,data.nex
2429,navel_6,,data.nex
2430,navel_7,,data.nex
2431,navel_8,,data.nex
2432,navel_9,,data.nex
2433,neck_1,,data.nex
2434,neck_10,,data.nex
2435,neck_11,,data.nex
2436,neck_12,,data.nex
2437,neck_13,,data.nex
2438,neck_14,,data.nex
2439,neck_15,,data.nex
2440,neck_16,,data.nex
2441,neck_18,,data.nex
2442,neck_19,,data.nex
2443,neck_2,,data.nex
2444,neck_20,,data.nex
2445,neck_21,,data.nex
2446,neck_22,,data.nex
2447,neck_23,,data.nex
2448,neck_24,,data.nex
2449,neck_25,,data.nex
2450,neck_26,,data.nex
2451,neck_27,,data.nex
2452,neck_28,,data.nex
2453,neck_29,,data.nex
2454,neck_3,,data.nex
2455,neck_30,,data.nex
2456,neck_31,,data.nex
2457,neck_32,,data.nex
2458,neck_33,,data.nex
2459,neck_34,,data.nex
2460,neck_35,,data.nex
2461,neck_36,,data.nex
2462,neck_4,,data.nex
2463,neck_5,,data.nex
2464,neck_6,,data.nex
2465,neck_7,,data.nex
2466,neck_8,,data.nex
2467,neck_9,,data.nex
2468,night_1,,data.nex
2469,night_10,,data.nex
2470,night_11,,data.nex
2471,night_12,,data.nex
2472,night_13,,data.nex
2473,night_14,,data.nex
2474,night_15,,data.nex
2475,night_16,,data.nex
2476,night_17,,data.nex
2477,night_18,,data.nex
2478,night_19,,data.nex
2479,night_2,,data.nex
2480,night_20,,data.nex
2481,night_21,,data.nex
2482,night_22,,data.nex
2483,night_23,,data.nex
2484,night_24,,data.nex
2485,night_25,,data.nex
2486,night_26,,data.nex
2487,night_27,,data.nex
2488,night_28,,data.nex
2489,night_29,,data.nex
2490,night_3,,data.nex
2491,night_30,,data.nex
2492,night_31,,data.nex
2493,night_32,,data.nex
2494,night_33,,data.nex
2495,night_34,,data.nex
2496,night_35,,data.nex
2497,night_36,,data.nex
2498,night_37,,data.nex
2499,night_38,,data.nex
2500,night_4,,data.nex
2501,night_5,,data.nex
2502,night_6,,data.nex
2503,night_7,,data.nex
2504,night_8,,data.nex
2505,night_9,,data.nex
2506,nose_1,,data.nex
2507,nose_10,,data.nex
2508,nose_11,,data.nex
2509,nose_12,,data.nex
2510,nose_13,,data.nex
2511,nose_14,,data.nex
2512,nose_15,,data.nex
2513,nose_16,,data.nex
2514,nose_17,,data.nex
2515,nose_18,,data.nex
2516,nose_19,,data.nex
2517,nose_2,,data.nex
2518,nose_20,,data.nex
2519,nose_21,,data.nex
2520,nose_22,,data.nex
2521,nose_23,,data.nex
2522,nose_24,,data.nex
2523,nose_25,,data.nex
2524,nose_26,,data.nex
2525,nose_27,,data.nex
2526,nose_28,,data.nex
2527,nose_29,,data.nex
2528,nose_3,,data.nex
2529,nose_30,,data.nex
2530,nose_31,,data.nex
2531,nose_32,,data.nex
2532,nose_33,,data.nex
2533,nose_34,,data.nex
2534,nose_35,,data.nex
2535,nose_36,,data.nex
2536,nose_37,,data.nex
2537,nose_38,,data.nex
2538,nose_39,,data.nex
2539,nose_4,,data.nex
2540,nose_40,,data.nex
2541,nose_41,,data.nex
2542,nose_5,,data.nex
2543,nose_6,,data.nex
2544,nose_7,,data.nex
2545,nose_8,,data.nex
2546,nose_9,,data.nex
2547,one_1,,data.nex
2548,one_10,,data.nex
2549,one_11,,data.nex
2550,one_12,,data.nex
2551,one_13,,data.nex
2552,one_14,,data.nex
2553,one_15,,data.nex
2554,one_16,,data.nex
2555,one_17,,data.nex
2556,one_18,,data.nex
2557,one_19,,data.nex
2558,one_2,,data.nex
2559,one_20,,data.nex
2560,one_21,,data.nex
2561,one_22,,data.nex
2562,one_23,,data.nex
2563,one_24,,data.nex
2564,one_25,,data.nex
2565,one_26,,data.nex
2566,one_27,,data.nex
2567,one_28,,data.nex
2568,one_29,,data.nex
2569,one_3,,data.nex
2570,one_30,,data.nex
2571,one_31,,data.nex
2572,one_32,,data.nex
2573,one_33,,data.nex
2574,one_34,,data.nex
2575,one_35,,data.nex
2576,one_36,,data.nex
2577,one_37,,data.nex
2578,one_38,,data.nex
2579,one_4,,data.nex
2580,one_5,,data.nex
2581,one_6,,data.nex
2582,one_7,,data.nex
2583,one_8,,data.nex
2584,one_9,,data.nex
2585,person_1,,data.nex
2586,person_11,,data.nex
2587,person_12,,data.nex
2588,person_13,,data.nex
2589,person_14,,data.nex
2590,person_15,,data.nex
2591,person_2,,data.nex
2592,person_3,,data.nex
2593,person_4,,data.nex
2594,person_5,,data.nex
2595,person_6,,data.nex
2596,person_7,,data.nex
2597,person_8,,data.nex
2598,person_9,,data.nex
2599,rain_1,,data.nex
2600,rain_10,,data.nex
2601,rain_11,,data.nex
2602,rain_12,,data.nex
2603,rain_13,,data.nex
2604,rain_15,,data.nex
2605,rain_16,,data.nex
2606,rain_17,,data.nex
2607,rain_18,,data.nex
2608,rain_19,,data.nex
2609,rain_2,,data.nex
2610,rain_20,,data.nex
2611,rain_21,,data.nex
2612,rain_22,,data.nex
2613,rain_23,,data.nex
2614,rain_24,,data.nex
2615,rain_25,,data.nex
2616,rain_3,,data.nex
2617,rain_4,,data.nex
2618,rain_5,,data.nex
2619,rain_6,,data.nex
2620,rain_7,,data.nex
2621,rain_8,,data.nex
2622,rain_9,,data.nex
2623,roadpath_1,,data.nex
2624,roadpath_10,,data.nex
2625,roadpath_11,,data.nex
2626,roadpath_12,,data.nex
2627,roadpath_13,,data.nex
2628,roadpath_14,,data.nex
2629,roadpath_15,,data.nex
2630,roadpath_16,,data.nex
2631,roadpath_17,,data.nex
2632,roadpath_18,,data.nex
2633,roadpath_19,,data.nex
2634,roadpath_2,,data.nex
2635,roadpath_20,,data.nex
2636,roadpath_21,,data.nex
2637,roadpath_22,,data.nex
2638,roadpath_23,,data.nex
2639,roadpath_24,,data.nex
2640,roadpath_25,,data.nex
2641,roadpath_26,,data.nex
2642,roadpath_27,,data.nex
2643,roadpath_28,,data.nex
2644,roadpath_29,,data.nex
2645,roadpath_3,,data.nex
2646,roadpath_30,,data.nex
2647,roadpath_31,,data.nex
2648,roadpath_32,,data.nex
2649,roadpath_33,,data.nex
2650,roadpath_34,,data.nex
2651,roadpath_35,,data.nex
2652,roadpath_36,,data.nex
2653,roadpath_37,,data.nex
2654,roadpath_38,,data.nex
2655,roadpath_39,,data.nex
2656,roadpath_4,,data.nex
2657,roadpath_40,,data.nex
2658,roadpath_41,,data.nex
2659,roadpath_42,,data.nex
2660,roadpath_43,,data.nex
2661,roadpath_44,,data.nex
2662,roadpath_45,,data.nex
2663,roadpath_46,,data.nex
2664,roadpath_5,,data.nex
2665,roadpath_6,,data.nex
2666,roadpath_7,,data.nex
2667,roadpath_8,,data.nex
2668,roadpath_9,,data.nex
2669,root_1,,data.nex
2670,root_10,,data.nex
2671,root_11,,data.nex
2672,root_12,,data.nex
2673,root_13,,data.nex
2674,root_14,,data.nex
2675,root_15,,data.nex
2676,root_16,,data.nex
2677,root_17,,data.nex
2678,root_18,,data.nex
2679,root_19,,data.nex
2680,root_2,,data.nex
2681,root_20,,data.nex
2682,root_21,,data.nex
2683,root_22,,data.nex
2684,root_23,,data.nex
2685,root_24,,data.nex
2686,root_25,,data.nex
2687,root_26,,data.nex
2688,root_27,,data.nex
2689,root_28,,data.nex
2690,root_29,,data.nex
2691,root_3,,data.nex
2692,root_30,,data.nex
2693,root_31,,data.nex
2694,root_32,,data.nex
2695,root_33,,data.nex
2696,root_34,,data.nex
2697,root_35,,data.nex
2698,root_36,,data.nex
2699,root_37,,data.nex
2700,root_38,,data.nex
2701,root_39,,data.nex
2702,root_4,,data.nex
2703,root_40,,data.nex
2704,root_41,,data.nex
2705,root_42,,data.nex
2706,root_43,,data.nex
2707,root_44,,data.nex
2708,root_45,,data.nex
2709,root_46,,data.nex
2710,root_47,,data.nex
2711,root_48,,data.nex
2712,root_49,,data.nex
2713,root_5,,data.nex
2714,root_50,,data.nex
2715,root_51,,data.nex
2716,root_52,,data.nex
2717,root_53,,data.nex
2718,root_54,,data.nex
2719,root_55,,data.nex
2720,root_56,,data.nex
2721,root_57,,data.nex
2722,root_58,,data.nex
2723,root_59,,data.nex
2724,root_6,,data.nex
2725,root_7,,data.nex
2726,root_8,,data.nex
2727,root_9,,data.nex
2728,salt_1,,data.nex
2729,salt_10,,data.nex
2730,salt_11,,data.nex
2731,salt_12,,data.nex
2732,salt_13,,data.nex
2733,salt_14,,data.nex
2734,salt_15,,data.nex
2735,salt_16,,data.nex
2736,salt_17,,data.nex
2737,salt_18,,data.nex
2738,salt_19,,data.nex
2739,salt_2,,data.nex
2740,salt_20,,data.nex
2741,salt_21,,data.nex
2742,salt_22,,data.nex
2743,salt_23,,data.nex
2744,salt_24,,data.nex
2745,salt_25,,data.nex
2746,salt_26,,data.nex
2747,salt_27,,data.nex
2748,salt_28,,data.nex
2749,salt_29,,data.nex
2750,salt_3,,data.nex
2751,salt_30,,data.nex
2752,salt_31,,data.nex
2753,salt_32,,data.nex
2754,salt_33,,data.nex
2755,salt_34,,data.nex
2756,salt_35,,data.nex
2757,salt_36,,data.nex
2758,salt_37,,data.nex
2759,salt_38,,data.nex
2760,salt_4,,data.nex
2761,salt_5,,data.nex
2762,salt_6,,data.nex
2763,salt_7,,data.nex
2764,salt_8,,data.nex
2765,salt_9,,data.nex
2766,sand_1,,data.nex
2767,sand_10,,data.nex
2768,sand_11,,data.nex
2769,sand_12,,data.nex
2770,sand_13,,data.nex
2771,sand_14,,data.nex
2772,sand_15,,data.nex
2773,sand_16,,data.nex
2774,sand_17,,data.nex
2775,sand_18,,data.nex
2776,sand_19,,data.nex
2777,sand_2,,data.nex
2778,sand_20,,data.nex
2779,sand_21,,data.nex
2780,sand_22,,data.nex
2781,sand_23,,data.nex
2782,sand_24,,data.nex
2783,sand_25,,data.nex
2784,sand_26,,data.nex
2785,sand_27,,data.nex
2786,sand_28,,data.nex
2787,sand_29,,data.nex
2788,sand_3,,data.nex
2789,sand_30,,data.nex
2790,sand_31,,data.nex
2791,sand_32,,data.nex
2792,sand_33,,data.nex
2793,sand_34,,data.nex
2794,sand_35,,data.nex
2795,sand_36,,data.nex
2796,sand_37,,data.nex
2797,sand_38,,data.nex
2798,sand_39,,data.nex
2799,sand_4,,data.nex
2800,sand_40,,data.nex
2801,sand_41,,data.nex
2802,sand_42,,data.nex
2803,sand_43,,data.nex
2804,sand_44,,data.nex
2805,sand_45,,data.nex
2806,sand_5,,data.nex
2807,sand_6,,data.nex
2808,sand_7,,data.nex
2809,sand_8,,data.nex
2810,sand_9,,data.nex
2811,see_1,,data.nex
2812,see_10,,data.nex
2813,see_11,,data.nex
2814,see_12,,data.nex
2815,see_13,,data.nex
2816,see_14,,data.nex
2817,see_15,,data.nex
2818,see_16,,data.nex
2819,see_17,,data.nex
2820,see_18,,data.nex
2821,see_19,,data.nex
2822,see_2,,data.nex
2823,see_20,,data.nex
2824,see_21,,data.nex
2825,see_22,,data.nex
2826,see_23,,data.nex
2827,see_24,,data.nex
2828,see_25,,data.nex
2829,see_26,,data.nex
2830,see_27,,data.nex
2831,see_28,,data.nex
2832,see_29,,data.nex
2833,see_3,,data.nex
2834,see_30,,data.nex
2835,see_31,,data.nex
2836,see_32,,data.nex
2837,see_33,,data.nex
2838,see_34,,data.nex
2839,see_35,,data.nex
2840,see_36,,data.nex
2841,see_37,,data.nex
2842,see_4,,data.nex
2843,see_5,,data.nex
2844,see_6,,data.nex
2845,see_7,,data.nex
2846,see_8,,data.nex
2847,see_9,,data.nex
2848,send_1,,data.nex
2849,send_10,,data.nex
2850,send_11,,data.nex
2851,send_12,,data.nex
2852,send_13,,data.nex
2853,send_14,,data.nex
2854,send_15,,data.nex
2855,send_16,,data.nex
2856,send_17,,data.nex
2857,send_18,,data.nex
2858,send_19,,data.nex
2859,send_2,,data.nex
2860,send_20,,data.nex
2861,send_21,,data.nex
2862,send_22,,data.nex
2863,send_23,,data.nex
2864,send_24,,data.nex
2865,send_3,,data.nex
2866,send_4,,data.nex
2867,send_5,,data.nex
2868,send_6,,data.nex
2869,send_7,,data.nex
2870,send_8,,data.nex
2871,send_9,,data.nex
2872,shame_1,,data.nex
2873,shame_10,,data.nex
2874,shame_11,,data.nex
2875,shame_12,,data.nex
2876,shame_13,,data.nex
2877,shame_14,,data.nex
2878,shame_15,,data.nex
2879,shame_16,,data.nex
2880,shame_17,,data.nex
2881,shame_18,,data.nex
2882,shame_19,,data.nex
2883,shame_2,,data.nex
2884,shame_20,,data.nex
2885,shame_21,,data.nex
2886,shame_22,,data.nex
2887,shame_23,,data.nex
2888,shame_24,,data.nex
2889,shame_25,,data.nex
2890,shame_3,,data.nex
2891,shame_4,,data.nex
2892,shame_5,,data.nex
2893,shame_6,,data.nex
2894,shame_7,,data.nex
2895,shame_8,,data.nex
2896,shame_9,,data.nex
2897,sing_1,,data.nex
2898,sing_10,,data.nex
2899,sing_11,,data.nex
2900,sing_12,,data.nex
2901,sing_13,,data.nex
2902,sing_14,,data.nex
2903,sing_15,,data.nex
2904,sing_16,,data.nex
2905,sing_17,,data.nex
2906,sing_18,,data.nex
2907,sing_19,,data.nex
2908,sing_2,,data.nex
2909,sing_20,,data.nex
2910,sing_21,,data.nex
2911,sing_22,,data.nex
2912,sing_23,,data.nex
2913,sing_24,,data.nex
2914,sing_25,,data.nex
2915,sing_26,,data.nex
2916,sing_27,,data.nex
2917,sing_28,,data.nex
2918,sing_29,,data.nex
2919,sing_3,,data.nex
2920,sing_30,,data.nex
2921,sing_31,,data.nex
2922,sing_32,,data.nex
2923,sing_33,,data.nex
2924,sing_34,,data.nex
2925,sing_35,,data.nex
2926,sing_36,,data.nex
2927,sing_37,,data.nex
2928,sing_38,,data.nex
2929,sing_39,,data.nex
2930,sing_4,,data.nex
2931,sing_40,,data.nex
2932,sing_41,,data.nex
2933,sing_42,,data.nex
2934,sing_43,,data.nex
2935,sing_44,,data.nex
2936,sing_45,,data.nex
2937,sing_5,,data.nex
2938,sing_6,,data.nex
2939,sing_7,,data.nex
2940,sing_8,,data.nex
2941,sing_9,,data.nex
2942,skin_1,,data.nex
2943,skin_10,,data.nex
2944,skin_11,,data.nex
2945,skin_12,,data.nex
2946,skin_13,,data.nex
2947,skin_14,,data.nex
2948,skin_15,,data.nex
2949,skin_16,,data.nex
2950,skin_17,,data.nex
2951,skin_18,,data.nex
2952,skin_19,,data.nex
2953,skin_2,,data.nex
2954,skin_20,,data.nex
2955,skin_21,,data.nex
2956,skin_22,,data.nex
2957,skin_23,,data.nex
2958,skin_24,,data.nex
2959,skin_25,,data.nex
2960,skin_26,,data.nex
2961,skin_27,,data.nex
2962,skin_28,,data.nex
2963,skin_29,,data.nex
2964,skin_3,,data.nex
2965,skin_30,,data.nex
2966,skin_31,,data.nex
2967,skin_32,,data.nex
2968,skin_33,,data.nex
2969,skin_34,,data.nex
2970,skin_35,,data.nex
2971,skin_36,,data.nex
2972,skin_37,,data.nex
2973,skin_38,,data.nex
2974,skin_39,,data.nex
2975,skin_4,,data.nex
2976,skin_40,,data.nex
2977,skin_41,,data.nex
2978,skin_42,,data.nex
2979,skin_43,,data.nex
2980,skin_44,,data.nex
2981,skin_45,,data.nex
2982,skin_46,,data.nex
2983,skin_47,,data.nex
2984,skin_48,,data.nex
2985,skin_49,,data.nex
2986,skin_5,,data.nex
2987,skin_50,,data.nex
2988,skin_51,,data.nex
2989,skin_52,,data.nex
2990,skin_53,,data.nex
2991,skin_54,,data.nex
2992,skin_55,,data.nex
2993,skin_56,,data.nex
2994,skin_57,,data.nex
2995,skin_58,,data.nex
2996,skin_59,,data.nex
2997,skin_6,,data.nex
2998,skin_60,,data.nex
2999,skin_61,,data.nex
3000,skin_62,,data.nex
3001,skin_63,,data.nex
3002,skin_7,,data.nex
3003,skin_8,,data.nex
3004,skin_9,,data.nex
3005,sky_1,,data.nex
3006,sky_10,,data.nex
3007,sky_11,,data.nex
3008,sky_12,,data.nex
3009,sky_13,,data.nex
3010,sky_14,,data.nex
3011,sky_15,,data.nex
3012,sky_16,,data.nex
3013,sky_17,,data.nex
3014,sky_18,,data.nex
3015,sky_19,,data.nex
3016,sky_2,,data.nex
3017,sky_20,,data.nex
3018,sky_21,,data.nex
3019,sky_22,,data.nex
3020,sky_23,,data.nex
3021,sky_24,,data.nex
3022,sky_25,,data.nex
3023,sky_26,,data.nex
3024,sky_27,,data.nex
3025,sky_28,,data.nex
3026,sky_29,,data.nex
3027,sky_3,,data.nex
3028,sky_30,,data.nex
3029,sky_31,,data.nex
3030,sky_32,,data.nex
3031,sky_33,,data.nex
3032,sky_34,,data.nex
3033,sky_35,,data.nex
3034,sky_36,,data.nex
3035,sky_37,,data.nex
3036,sky_38,,data.nex
3037,sky_39,,data.nex
3038,sky_4,,data.nex
3039,sky_40,,data.nex
3040,sky_41,,data.nex
3041,sky_42,,data.nex
3042,sky_43,,data.nex
3043,sky_44,,data.nex
3044,sky_45,,data.nex
3045,sky_46,,data.nex
3046,sky_47,,data.nex
3047,sky_48,,data.nex
3048,sky_49,,data.nex
3049,sky_5,,data.nex
3050,sky_50,,data.nex
3051,sky_51,,data.nex
3052,sky_52,,data.nex
3053,sky_53,,data.nex
3054,sky_6,,data.nex
3055,sky_7,,data.nex
3056,sky_8,,data.nex
3057,sky_9,,data.nex
3058,sleep_1,,data.nex
3059,sleep_10,,data.nex
3060,sleep_11,,data.nex
3061,sleep_12,,data.nex
3062,sleep_13,,data.nex
3063,sleep_14,,data.nex
3064,sleep_15,,data.nex
3065,sleep_16,,data.nex
3066,sleep_17,,data.nex
3067,sleep_18,,data.nex
3068,sleep_19,,data.nex
3069,sleep_2,,data.nex
3070,sleep_20,,data.nex
3071,sleep_21,,data.nex
3072,sleep_22,,data.nex
3073,sleep_23,,data.nex
3074,sleep_24,,data.nex
3075,sleep_25,,data.nex
3076,sleep_26,,data.nex
3077,sleep_27,,data.nex
3078,sleep_28,,data.nex
3079,sleep_29,,data.nex
3080,sleep_3,,data.nex
3081,sleep_30,,data.nex
3082,sleep_31,,data.nex
3083,sleep_32,,data.nex
3084,sleep_33,,data.nex
3085,sleep_34,,data.nex
3086,sleep_35,,data.nex
3087,sleep_36,,data.nex
3088,sleep_37,,data.nex
3089,sleep_38,,data.nex
3090,sleep_39,,data.nex
3091,sleep_4,,data.nex
3092,sleep_40,,data.nex
3093,sleep_41,,data.nex
3094,sleep_5,,data.nex
3095,sleep_6,,data.nex
3096,sleep_7,,data.nex
3097,sleep_8,,data.nex
3098,sleep_9,,data.nex
3099,smoke_1,,data.nex
3100,smoke_10,,data.nex
3101,smoke_11,,data.nex
3102,smoke_12,,data.nex
3103,smoke_13,,data.nex
3104,smoke_14,,data.nex
3105,smoke_15,,data.nex
3106,smoke_16,,data.nex
3107,smoke_17,,data.nex
3108,smoke_18,,data.nex
3109,smoke_19,,data.nex
3110,smoke_2,,data.nex
3111,smoke_20,,data.nex
3112,smoke_21,,data.nex
3113,smoke_22,,data.nex
3114,smoke_23,,data.nex
3115,smoke_24,,data.nex
3116,smoke_25,,data.nex
3117,smoke_26,,data.nex
3118,smoke_27,,data.nex
3119,smoke_28,,data.nex
3120,smoke_29,,data.nex
3121,smoke_3,,data.nex
3122,smoke_30,,data.nex
3123,smoke_31,,data.nex
3124,smoke_32,,data.nex
3125,smoke_33,,data.nex
3126,smoke_34,,data.nex
3127,smoke_35,,data.nex
3128,smoke_36,,data.nex
3129,smoke_37,,data.nex
3130,smoke_38,,data.nex
3131,smoke_39,,data.nex
3132,smoke_4,,data.nex
3133,smoke_40,,data.nex
3134,smoke_41,,data.nex
3135,smoke_5,,data.nex
3136,smoke_6,,data.nex
3137,smoke_7,,data.nex
3138,smoke_8,,data.nex
3139,smoke_9,,data.nex
3140,snake_1,,data.nex
3141,snake_10,,data.nex
3142,snake_11,,data.nex
3143,snake_12,,data.nex
3144,snake_13,,data.nex
3145,snake_14,,data.nex
3146,snake_15,,data.nex
3147,snake_16,,data.nex
3148,snake_17,,data.nex
3149,snake_18,,data.nex
3150,snake_19,,data.nex
3151,snake_2,,data.nex
3152,snake_20,,data.nex
3153,snake_21,,data.nex
3154,snake_22,,data.nex
3155,snake_23,,data.nex
3156,snake_24,,data.nex
3157,snake_25,,data.nex
3158,snake_26,,data.nex
3159,snake_27,,data.nex
3160,snake_28,,data.nex
3161,snake_29,,data.nex
3162,snake_3,,data.nex
3163,snake_30,,data.nex
3164,snake_31,,data.nex
3165,snake_32,,data.nex
3166,snake_33,,data.nex
3167,snake_34,,data.nex
3168,snake_35,,data.nex
3169,snake_4,,data.nex
3170,snake_5,,data.nex
3171,snake_6,,data.nex
3172,snake_7,,data.nex
3173,snake_8,,data.nex
3174,snake_9,,data.nex
3175,spear_1,,data.nex
3176,spear_10,,data.nex
3177,spear_11,,data.nex
3178,spear_12,,data.nex
3179,spear_13,,data.nex
3180,spear_14,,data.nex
3181,spear_15,,data.nex
3182,spear_16,,data.nex
3183,spear_17,,data.nex
3184,spear_18,,data.nex
3185,spear_19,,data.nex
3186,spear_2,,data.nex
3187,spear_20,,data.nex
3188,spear_21,,data.nex
3189,spear_22,,data.nex
3190,spear_23,,data.nex
3191,spear_24,,data.nex
3192,spear_25,,data.nex
3193,spear_26,,data.nex
3194,spear_27,,data.nex
3195,spear_28,,data.nex
3196,spear_3,,data.nex
3197,spear_4,,data.nex
3198,spear_5,,data.nex
3199,spear_6,,data.nex
3200,spear_8,,data.nex
3201,spear_9,,data.nex
3202,steal_1,,data.nex
3203,steal_10,,data.nex
3204,steal_11,,data.nex
3205,steal_12,,data.nex
3206,steal_13,,data.nex
3207,steal_14,,data.nex
3208,steal_15,,data.nex
3209,steal_16,,data.nex
3210,steal_17,,data.nex
3211,steal_18,,data.nex
3212,steal_19,,data.nex
3213,steal_2,,data.nex
3214,steal_20,,data.nex
3215,steal_21,,data.nex
3216,steal_22,,data.nex
3217,steal_23,,data.nex
3218,steal_24,,data.nex
3219,steal_25,,data.nex
3220,steal_26,,data.nex
3221,steal_27,,data.nex
3222,steal_3,,data.nex
3223,steal_4,,data.nex
3224,steal_5,,data.nex
3225,steal_6,,data.nex
3226,steal_7,,data.nex
3227,steal_8,,data.nex
3228,steal_9,,data.nex
3229,stone_1,,data.nex
3230,stone_10,,data.nex
3231,stone_11,,data.nex
3232,stone_12,,data.nex
3233,stone_13,,data.nex
3234,stone_14,,data.nex
3235,stone_15,,data.nex
3236,stone_16,,data.nex
3237,stone_17,,data.nex
3238,stone_18,,data.nex
3239,stone_19,,data.nex
3240,stone_2,,data.nex
3241,stone_20,,data.nex
3242,stone_21,,data.nex
3243,stone_22,,data.nex
3244,stone_23,,data.nex
3245,stone_24,,data.nex
3246,stone_25,,data.nex
3247,stone_26,,data.nex
3248,stone_27,,data.nex
3249,stone_28,,data.nex
3250,stone_29,,data.nex
3251,stone_3,,data.nex
3252,stone_30,,data.nex
3253,stone_31,,data.nex
3254,stone_32,,data.nex
3255,stone_33,,data.nex
3256,stone_34,,data.nex
3257,stone_35,,data.nex
3258,stone_36,,data.nex
3259,stone_37,,data.nex
3260,stone_38,,data.nex
3261,stone_39,,data.nex
3262,stone_4,,data.nex
3263,stone_40,,data.nex
3264,stone_41,,data.nex
3265,stone_5,,data.nex
3266,stone_6,,data.nex
3267,stone_7,,data.nex
3268,stone_8,,data.nex
3269,stone_9,,data.nex
3270,sun_1,,data.nex
3271,sun_10,,data.nex
3272,sun_11,,data.nex
3273,sun_12,,data.nex
3274,sun_13,,data.nex
3275,sun_14,,data.nex
3276,sun_15,,data.nex
3277,sun_16,,data.nex
3278,sun_17,,data.nex
3279,sun_18,,data.nex
3280,sun_19,,data.nex
3281,sun_2,,data.nex
3282,sun_20,,data.nex
3283,sun_21,,data.nex
3284,sun_22,,data.nex
3285,sun_23,,data.nex
3286,sun_24,,data.nex
3287,sun_25,,data.nex
3288,sun_26,,data.nex
3289,sun_27,,data.nex
3290,sun_28,,data.nex
3291,sun_29,,data.nex
3292,sun_3,,data.nex
3293,sun_30,,data.nex
3294,sun_31,,data.nex
3295,sun_32,,data.nex
3296,sun_33,,data.nex
3297,sun_34,,data.nex
3298,sun_35,,data.nex
3299,sun_36,,data.nex
3300,sun_37,,data.nex
3301,sun_38,,data.nex
3302,sun_39,,data.nex
3303,sun_4,,data.nex
3304,sun_40,,data.nex
3305,sun_41,,data.nex
3306,sun_42,,data.nex
3307,sun_43,,data.nex
3308,sun_44,,data.nex
3309,sun_45,,data.nex
3310,sun_46,,data.nex
3311,sun_47,,data.nex
3312,sun_48,,data.nex
3313,sun_49,,data.nex
3314,sun_5,,data.nex
3315,sun_50,,data.nex
3316,sun_51,,data.nex
3317,sun_52,,data.nex
3318,sun_53,,data.nex
3319,sun_54,,data.nex
3320,sun_55,,data.nex
3321,sun_56,,data.nex
3322,sun_57,,data.nex
3323,sun_58,,data.nex
3324,sun_59,,data.nex
3325,sun_6,,data.nex
3326,sun_60,,data.nex
3327,sun_61,,data.nex
3328,sun_62,,data.nex
3329,sun_63,,data.nex
3330,sun_64,,data.nex
3331,sun_65,,data.nex
3332,sun_7,,data.nex
3333,sun_8,,data.nex
3334,sun_9,,data.nex
3335,tail_1,,data.nex
3336,tail_10,,data.nex
3337,tail_11,,data.nex
3338,tail_12,,data.nex
3339,tail_13,,data.nex
3340,tail_14,,data.nex
3341,tail_15,,data.nex
3342,tail_16,,data.nex
3343,tail_17,,data.nex
3344,tail_18,,data.nex
3345,tail_19,,data.nex
3346,tail_2,,data.nex
3347,tail_20,,data.nex
3348,tail_21,,data.nex
3349,tail_22,,data.nex
3350,tail_23,,data.nex
3351,tail_24,,data.nex
3352,tail_25,,data.nex
3353,tail_26,,data.nex
3354,tail_27,,data.nex
3355,tail_28,,data.nex
3356,tail_29,,data.nex
3357,tail_3,,data.nex
3358,tail_30,,data.nex
3359,tail_31,,data.nex
3360,tail_32,,data.nex
3361,tail_33,,data.nex
3362,tail_34,,data.nex
3363,tail_35,,data.nex
3364,tail_36,,data.nex
3365,tail_37,,data.nex
3366,tail_38,,data.nex
3367,tail_39,,data.nex
3368,tail_4,,data.nex
3369,tail_40,,data.nex
3370,tail_41,,data.nex
3371,tail_42,,data.nex
3372,tail_5,,data.nex
3373,tail_6,,data.nex
3374,tail_7,,data.nex
3375,tail_8,,data.nex
3376,tail_9,,data.nex
3377,ten_1,,data.nex
3378,ten_10,,data.nex
3379,ten_11,,data.nex
3380,ten_12,,data.nex
3381,ten_13,,data.nex
3382,ten_14,,data.nex
3383,ten_15,,data.nex
3384,ten_16,,data.nex
3385,ten_17,,data.nex
3386,ten_18,,data.nex
3387,ten_19,,data.nex
3388,ten_2,,data.nex
3389,ten_3,,data.nex
3390,ten_4,,data.nex
3391,ten_5,,data.nex
3392,ten_6,,data.nex
3393,ten_7,,data.nex
3394,ten_8,,data.nex
3395,ten_9,,data.nex
3396,three_1,,data.nex
3397,three_2,,data.nex
3398,three_3,,data.nex
3399,three_4,,data.nex
3400,three_5,,data.nex
3401,three_6,,data.nex
3402,three_7,,data.nex
3403,tongue_1,,data.nex
3404,tongue_10,,data.nex
3405,tongue_11,,data.nex
3406,tongue_12,,data.nex
3407,tongue_13,,data.nex
3408,tongue_14,,data.nex
3409,tongue_15,,data.nex
3410,tongue_16,,data.nex
3411,tongue_17,,data.nex
3412,tongue_18,,data.nex
3413,tongue_19,,data.nex
3414,tongue_2,,data.nex
3415,tongue_20,,data.nex
3416,tongue_3,,data.nex
3417,tongue_4,,data.nex
3418,tongue_5,,data.nex
3419,tongue_6,,data.nex
3420,tongue_7,,data.nex
3421,tongue_8,,data.nex
3422,tongue_9,,data.nex
3423,tooth_1,,data.nex
3424,tooth_2,,data.nex
3425,tooth_3,,data.nex
3426,tooth_4,,data.nex
3427,tooth_5,,data.nex
3428,tooth_6,,data.nex
3429,tree_1,,data.nex
3430,tree_10,,data.nex
3431,tree_11,,data.nex
3432,tree_12,,data.nex
3433,tree_13,,data.nex
3434,tree_14,,data.nex
3435,tree_15,,data.nex
3436,tree_16,,data.nex
3437,tree_17,,data.nex
3438,tree_18,,data.nex
3439,tree_19,,data.nex
3440,tree_2,,data.nex
3441,tree_20,,data.nex
3442,tree_22,,data.nex
3443,tree_23,,data.nex
3444,tree_24,,data.nex
3445,tree_25,,data.nex
3446,tree_26,,data.nex
3447,tree_27,,data.nex
3448,tree_28,,data.nex
3449,tree_29,,data.nex
3450,tree_3,,data.nex
3451,tree_30,,data.nex
3452,tree_31,,data.nex
3453,tree_32,,data.nex
3454,tree_33,,data.nex
3455,tree_34,,data.nex
3456,tree_35,,data.nex
3457,tree_36,,data.nex
3458,tree_37,,data.nex
3459,tree_38,,data.nex
3460,tree_39,,data.nex
3461,tree_4,,data.nex
3462,tree_40,,data.nex
3463,tree_41,,data.nex
3464,tree_5,,data.nex
3465,tree_6,,data.nex
3466,tree_7,,data.nex
3467,tree_8,,data.nex
3468,tree_9,,data.nex
3469,two_1,,data.nex
3470,two_10,,data.nex
3471,two_11,,data.nex
3472,two_12,,data.nex
3473,two_14,,data.nex
3474,two_15,,data.nex
3475,two_16,,data.nex
3476,two_17,,data.nex
3477,two_18,,data.nex
3478,two_19,,data.nex
3479,two_2,,data.nex
3480,two_3,,data.nex
3481,two_4,,data.nex
3482,two_5,,data.nex
3483,two_6,,data.nex
3484,two_7,,data.nex
3485,two_8,,data.nex
3486,two_9,,data.nex
3487,urine_1,,data.nex
3488,urine_10,,data.nex
3489,urine_11,,data.nex
3490,urine_12,,data.nex
3491,urine_13,,data.nex
3492,urine_14,,data.nex
3493,urine_15,,data.nex
3494,urine_16,,data.nex
3495,urine_17,,data.nex
3496,urine_18,,data.nex
3497,urine_19,,data.nex
3498,urine_2,,data.nex
3499,urine_20,,data.nex
3500,urine_21,,data.nex
3501,urine_22,,data.nex
3502,urine_23,,data.nex
3503,urine_24,,data.nex
3504,urine_25,,data.nex
3505,urine_26,,data.nex
3506,urine_27,,data.nex
3507,urine_28,,data.nex
3508,urine_29,,data.nex
3509,urine_3,,data.nex
3510,urine_30,,data.nex
3511,urine_31,,data.nex
3512,urine_4,,data.nex
3513,urine_5,,data.nex
3514,urine_6,,data.nex
3515,urine_7,,data.nex
3516,urine_8,,data.nex
3517,urine_9,,data.nex
3518,village_1,,data.nex
3519,village_10,,data.nex
3520,village_11,,data.nex
3521,village_12,,data.nex
3522,village_13,,data.nex
3523,village_14,,data.nex
3524,village_15,,data.nex
3525,village_16,,data.nex
3526,village_17,,data.nex
3527,village_18,,data.nex
3528,village_19,,data.nex
3529,village_2,,data.nex
3530,village_20,,data.nex
3531,village_21,,data.nex
3532,village_22,,data.nex
3533,village_23,,data.nex
3534,village_24,,data.nex
3535,village_25,,data.nex
3536,village_26,,data.nex
3537,village_27,,data.nex
3538,village_28,,data.nex
3539,village_29,,data.nex
3540,village_3,,data.nex
3541,village_30,,data.nex
3542,village_31,,data.nex
3543,village_32,,data.nex
3544,village_33,,data.nex
3545,village_35,,data.nex
3546,village_36,,data.nex
3547,village_37,,data.nex
3548,village_38,,data.nex
3549,village_39,,data.nex
3550,village_4,,data.nex
3551,village_40,,data.nex
3552,village_41,,data.nex
3553,village_42,,data.nex
3554,village_43,,data.nex
3555,village_44,,data.nex
3556,village_45,,data.nex
3557,village_46,,data.nex
3558,village_47,,data.nex
3559,village_48,,data.nex
3560,village_49,,data.nex
3561,village_5,,data.nex
3562,village_50,,data.nex
3563,village_51,,data.nex
3564,village_52,,data.nex
3565,village_53,,data.nex
3566,village_54,,data.nex
3567,village_55,,data.nex
3568,village_56,,data.nex
3569,village_57,,data.nex
3570,village_58,,data.nex
3571,village_59,,data.nex
3572,village_6,,data.nex
3573,village_60,,data.nex
3574,village_61,,data.nex
3575,village_62,,data.nex
3576,village_63,,data.nex
3577,village_64,,data.nex
3578,village_65,,data.nex
3579,village_66,,data.nex
3580,village_67,,data.nex
3581,village_68,,data.nex
3582,village_7,,data.nex
3583,village_8,,data.nex
3584,village_9,,data.nex
3585,vomit_1,,data.nex
3586,vomit_10,,data.nex
3587,vomit_11,,data.nex
3588,vomit_12,,data.nex
3589,vomit_13,,data.nex
3590,vomit_14,,data.nex
3591,vomit_15,,data.nex
3592,vomit_16,,data.nex
3593,vomit_17,,data.nex
3594,vomit_18,,data.nex
3595,vomit_19,,data.nex
3596,vomit_2,,data.nex
3597,vomit_20,,data.nex
3598,vomit_21,,data.nex
3599,vomit_22,,data.nex
3600,vomit_23,,data.nex
3601,vomit_24,,data.nex
3602,vomit_25,,data.nex
3603,vomit_26,,data.nex
3604,vomit_27,,data.nex
3605,vomit_28,,data.nex
3606,vomit_29,,data.nex
3607,vomit_3,,data.nex
3608,vomit_30,,data.nex
3609,vomit_31,,data.nex
3610,vomit_4,,data.nex
3611,vomit_5,,data.nex
3612,vomit_6,,data.nex
3613,vomit_7,,data.nex
3614,vomit_8,,data.nex
3615,vomit_9,,data.nex
3616,walk_1,,data.nex
3617,walk_10,,data.nex
3618,walk_11,,data.nex
3619,walk_12,,data.nex
3620,walk_13,,data.nex
3621,walk_14,,data.nex
3622,walk_15,,data.nex
3623,walk_16,,data.nex
3624,walk_17,,data.nex
3625,walk_18,,data.nex
3626,walk_19,,data.nex
3627,walk_2,,data.nex
3628,walk_20,,data.nex
3629,walk_21,,data.nex
3630,walk_22,,data.nex
3631,walk_23,,data.nex
3632,walk_24,,data.nex
3633,walk_25,,data.nex
3634,walk_26,,data.nex
3635,walk_27,,data.nex
3636,walk_28,,data.nex
3637,walk_29,,data.nex
3638,walk_3,,data.nex
3639,walk_30,,data.nex
3640,walk_31,,data.nex
3641,walk_32,,data.nex
3642,walk_33,,data.nex
3643,walk_34,,data.nex
3644,walk_35,,data.nex
3645,walk_36,,data.nex
3646,walk_37,,data.nex
3647,walk_38,,data.nex
3648,walk_39,,data.nex
3649,walk_4,,data.nex
3650,walk_40,,data.nex
3651,walk_41,,data.nex
3652,walk_42,,data.nex
3653,walk_43,,data.nex
3654,walk_44,,data.nex
3655,walk_45,,data.nex
3656,walk_46,,data.nex
3657,walk_47,,data.nex
3658,walk_48,,data.nex
3659,walk_49,,data.nex
3660,walk_5,,data.nex
3661,walk_50,,data.nex
3662,walk_51,,data.nex
3663,walk_52,,data.nex
3664,walk_53,,data.nex
3665,walk_6,,data.nex
3666,walk_7,,data.nex
3667,walk_8,,data.nex
3668,walk_9,,data.nex
3669,war_1,,data.nex
3670,war_10,,data.nex
3671,war_11,,data.nex
3672,war_12,,data.nex
3673,war_13,,data.nex
3674,war_14,,data.nex
3675,war_15,,data.nex
3676,war_16,,data.nex
3677,war_17,,data.nex
3678,war_18,,data.nex
3679,war_19,,data.nex
3680,war_2,,data.nex
3681,war_20,,data.nex
3682,war_21,,data.nex
3683,war_22,,data.nex
3684,war_23,,data.nex
3685,war_24,,data.nex
3686,war_25,,data.nex
3687,war_26,,data.nex
3688,war_27,,data.nex
3689,war_28,,data.nex
3690,war_29,,data.nex
3691,war_3,,data.nex
3692,war_30,,data.nex
3693,war_31,,data.nex
3694,war_32,,data.nex
3695,war_33,,data.nex
3696,war_34,,data.nex
3697,war_35,,data.nex
3698,war_36,,data.nex
3699,war_37,,data.nex
3700,war_38,,data.nex
3701,war_39,,data.nex
3702,war_4,,data.nex
3703,war_40,,data.nex
3704,war_41,,data.nex
3705,war_42,,data.nex
3706,war_43,,data.nex
3707,war_44,,data.nex
3708,war_45,,data.nex
3709,war_46,,data.nex
3710,war_47,,data.nex
3711,war_48,,data.nex
3712,war_5,,data.nex
3713,war_6,,data.nex
3714,war_7,,data.nex
3715,war_8,,data.nex
3716,war_9,,data.nex
3717,water_1,,data.nex
3718,water_10,,data.nex
3719,water_11,,data.nex
3720,water_12,,data.nex
3721,water_13,,data.nex
3722,water_14,,data.nex
3723,water_15,,data.nex
3724,water_16,,data.nex
3725,water_17,,data.nex
3726,water_18,,data.nex
3727,water_19,,data.nex
3728,water_2,,data.nex
3729,water_20,,data.nex
3730,water_21,,data.nex
3731,water_22,,data.nex
3732,water_23,,data.nex
3733,water_24,,data.nex
3734,water_25,,data.nex
3735,water_26,,data.nex
3736,water_27,,data.nex
3737,water_28,,data.nex
3738,water_29,,data.nex
3739,water_3,,data.nex
3740,water_30,,data.nex
3741,water_31,,data.nex
3742,water_32,,data.nex
3743,water_33,,data.nex
3744,water_34,,data.nex
3745,water_35,,data.nex
3746,water_36,,data.nex
3747,water_37,,data.nex
3748,water_38,,data.nex
3749,water_4,,data.nex
3750,water_5,,data.nex
3751,water_6,,data.nex
3752,water_7,,data.nex
3753,water_8,,data.nex
3754,water_9,,data.nex
3755,wind_1,,data.nex
3756,wind_10,,data.nex
3757,wind_11,,data.nex
3758,wind_12,,data.nex
3759,wind_13,,data.nex
3760,wind_14,,data.nex
3761,wind_15,,data.nex
3762,wind_16,,data.nex
3763,wind_17,,data.nex
3764,wind_18,,data.nex
3765,wind_19,,data.nex
3766,wind_2,,data.nex
3767,wind_20,,data.nex
3768,wind_21,,data.nex
3769,wind_22,,data.nex
3770,wind_23,,data.nex
3771,wind_24,,data.nex
3772,wind_25,,data.nex
3773,wind_26,,data.nex
3774,wind_27,,data.nex
3775,wind_28,,data.nex
3776,wind_29,,data.nex
3777,wind_3,,data.nex
3778,wind_30,,data.nex
3779,wind_31,,data.nex
3780,wind_32,,data.nex
3781,wind_33,,data.nex
3782,wind_34,,data.nex
3783,wind_35,,data.nex
3784,wind_36,,data.nex
3785,wind_37,,data.nex
3786,wind_38,,data.nex
3787,wind_39,,data.nex
3788,wind_4,,data.nex
3789,wind_40,,data.nex
3790,wind_41,,data.nex
3791,wind_42,,data.nex
3792,wind_43,,data.nex
3793,wind_44,,data.nex
3794,wind_45,,data.nex
3795,wind_46,,data.nex
3796,wind_47,,data.nex
3797,wind_48,,data.nex
3798,wind_5,,data.nex
3799,wind_6,,data.nex
3800,wind_7,,data.nex
3801,wind_8,,data.nex
3802,wind_9,,data.nex
3803,woman_1,,data.nex
3804,woman_10,,data.nex
3805,woman_11,,data.nex
3806,woman_12,,data.nex
3807,woman_13,,data.nex
3808,woman_14,,data.nex
3809,woman_15,,data.nex
3810,woman_16,,data.nex
3811,woman_17,,data.nex
3812,woman_18,,data.nex
3813,woman_19,,data.nex
3814,woman_2,,data.nex
3815,woman_20,,data.nex
3816,woman_21,,data.nex
3817,woman_22,,data.nex
3818,woman_23,,data.nex
3819,woman_24,,data.nex
3820,woman_25,,data.nex
3821,woman_26,,data.nex
3822,woman_27,,data.nex
3823,woman_28,,data.nex
3824,woman_29,,data.nex
3825,woman_3,,data.nex
3826,woman_30,,data.nex
3827,woman_31,,data.nex
3828,woman_32,,data.nex
3829,woman_33,,data.nex
3830,woman_34,,data.nex
3831,woman_35,,data.nex
3832,woman_36,,data.nex
3833,woman_37,,data.nex
3834,woman_38,,data.nex
3835,woman_39,,data.nex
3836,woman_4,,data.nex
3837,woman_40,,data.nex
3838,woman_41,,data.nex
3839,woman_42,,data.nex
3840,woman_43,,data.nex
3841,woman_44,,data.nex
3842,woman_45,,data.nex
3843,woman_46,,data.nex
3844,woman_47,,data.nex
3845,woman_48,,data.nex
3846,woman_49,,data.nex
3847,woman_5,,data.nex
3848,woman_50,,data.nex
3849,woman_51,,data.nex
3850,woman_52,,data.nex
3851,woman_53,,data.nex
3852,woman_54,,data.nex
3853,woman_55,,data.nex
3854,woman_56,,data.nex
3855,woman_57,,data.nex
3856,woman_6,,data.nex
3857,woman_7,,data.nex
3858,woman_8,,data.nex
3859,woman_9,,data.nex
